"sp_map","Beak.Length_Culmen","Beak.Width","Beak.Depth","Tarsus.Length","Wing.Length","Kipps.Distance","Tail.Length","Mass","Habitat.Density","Migration","Primary.Lifestyle","Range.Size","Diet.Inv","Diet.Vend","Diet.Vect","Diet.Vfish","Diet.Vunk","Diet.Scav","Diet.Fruit","ForStrat.watbelowsurf","ForStrat.wataroundsurf","ForStrat.ground","ForStrat.understory","ForStrat.midhigh","ForStrat.canopy","ForStrat.aerial"
"Accipiter_albogularis",27.7,10.6,14.7,62,235.2,81.8,169,248.8,1,2,"Insessorial",37461.21,0,80,20,0,0,0,0,0,0,100,0,0,0,0
"Accipiter_badius",20.6,8.8,11.6,43,186.7,62.5,140.6,131.2,2,3,"Insessorial",22374973,10,30,60,0,0,0,0,0,0,50,0,50,0,0
"Accipiter_bicolor",25,8.6,12.7,58.1,229.6,56.6,186.3,287.5,2,2,"Generalist",14309701.27,0,100,0,0,0,0,0,0,0,0,33,33,33,0
"Accipiter_brachyurus",22.5,8.9,11.9,61.2,202.2,64.1,140.8,142,1,2,"Insessorial",35580.71,0,100,0,0,0,0,0,0,0,0,33,33,33,0
"Accipiter_brevipes",21.1,8.7,11.1,46.4,217.6,87.8,153.5,186.5,1,3,"Generalist",2936751.8,40,20,40,0,0,0,0,0,0,0,0,33,33,33
"Accipiter_butleri",20,6.6,12,48.7,166,42.9,127,122,1,1,"Insessorial",327.84,10,0,90,0,0,0,0,0,0,100,0,0,0,0
"Accipiter_castanilius",20.5,8.3,10.9,52.6,163.5,38.9,135.4,157.5,1,2,"Insessorial",2096401.63,10,80,10,0,0,0,0,0,0,50,0,50,0,0
"Accipiter_cirrocephalus",19.2,7.7,9.6,60.3,213,81.3,155.4,165.7,1,2,"Generalist",5488639.45,10,80,10,0,0,0,0,0,0,0,10,80,10,0
"Accipiter_collaris",20,8.6,11,43.6,165.9,49.5,125,97.8,1,2,"Insessorial",253265.36,0,80,0,0,20,0,0,0,0,0,0,33,33,33
"Accipiter_cooperii",25.4,8.6,13.2,62,241.2,77.8,188.4,429.7,2,3,"Aerial",8393137.06,0,90,10,0,0,0,0,0,0,40,20,20,10,10
"Accipiter_erythrauchen",21.1,8.6,11.2,59.5,191.2,58.9,154.8,156,1,1,"Generalist",48150.32,0,100,0,0,0,0,0,0,0,0,33,33,33,0
"Accipiter_erythropus",17.6,7.2,9.6,43,154.6,40.9,104.4,111.2,1,1,"Insessorial",3904812.09,40,60,0,0,0,0,0,0,0,50,50,0,0,0
"Accipiter_fasciatus",28.5,11.2,15.2,71.9,269.9,103.6,206,358.7,1,1,"Generalist",8180196.71,20,40,30,0,0,10,0,0,0,50,0,30,20,0
"Accipiter_francesiae",20.2,8.7,10.7,48.1,155.8,43.2,127.5,136.8,1,1,"Insessorial",519468.81,60,20,20,0,0,0,0,0,0,30,30,30,10,0
"Accipiter_gentilis",33.7,11.6,18,67.3,337.6,122.6,241.1,866,1,2,"Generalist",31775270.74,0,90,10,0,0,0,0,0,0,100,0,0,0,0
"Accipiter_griseiceps",24.1,8.8,12.4,52,187.2,50,141.2,251.8,1,1,"Insessorial",140604.94,20,40,40,0,0,0,0,0,0,80,10,10,0,0
"Accipiter_gularis",23.3,6.6,9.1,43.6,162.6,54.2,106.4,120.7,1,3,"Insessorial",4785704.92,10,80,10,0,0,0,0,0,0,10,10,60,10,10
"Accipiter_gundlachi",26,8.3,16.3,71.3,228,61.8,223,675,1,1,"Aerial",33511.43,0,100,0,0,0,0,0,0,0,0,25,25,25,25
"Accipiter_haplochrous",23.7,9.6,13.2,58.9,227.8,74.5,155,198.4,1,1,"Insessorial",16389.59,30,20,50,0,0,0,0,0,0,70,0,20,10,0
"Accipiter_henicogrammus",27.9,10,13.6,65.1,230.2,72,190,358.7,1,1,"Insessorial",22781.85,30,40,30,0,0,0,0,0,0,0,33,33,33,0
"Accipiter_henstii",32.6,11.8,17.2,75,290.5,78,245,1050,1,1,"Insessorial",434639.7,0,100,0,0,0,0,0,0,0,0,20,60,20,0
"Accipiter_hiogaster",26,9.4,13.9,51.1,197.2,60.8,136.5,326.1,1,1,"Insessorial",794517.61,NA,NA,NA,NA,NA,NA,NA,NA,NA,NA,NA,NA,NA,NA
"Accipiter_imitator",26.4,9.1,12.2,49.6,200,60,161,222.5,1,1,"Insessorial",10050.21,40,0,60,0,0,0,0,0,0,70,30,0,0,0
"Accipiter_luteoschistaceus",26.4,7.8,11.9,51.5,188,57,146,214,1,1,"Insessorial",28814.74,40,0,60,0,0,0,0,0,0,100,0,0,0,0
"Accipiter_madagascariensis",19.7,7.4,9.4,58,190.8,54.5,149.5,180.4,1,1,"Insessorial",476517.51,20,60,20,0,0,0,0,0,0,0,25,25,25,25
"Accipiter_melanochlamys",25.9,11,13.9,62.7,228.6,75,164.8,265,1,1,"Generalist",115449.94,10,80,10,0,0,0,0,0,0,0,30,30,30,10
"Accipiter_melanoleucus",29.6,10.3,16.3,75.8,302.8,107.2,219.4,699,1,1,"Generalist",9067092.6,0,90,10,0,0,0,0,0,0,10,30,40,20,0
"Accipiter_meyerianus",35,12.6,18.6,75.4,309.5,102,200,763.5,1,1,"Generalist",269144.41,0,100,0,0,0,0,0,0,0,0,0,33,33,33
"Accipiter_minullus",16.5,6.6,8.8,41.3,150.4,44.6,105.2,87.4,1,1,"Generalist",6794381.58,20,60,20,0,0,0,0,0,0,100,0,0,0,0
"Accipiter_nanus",17.6,7.6,10.1,46.6,152.4,44.9,109,117,1,1,"Insessorial",110477,70,30,0,0,0,0,0,0,0,70,30,0,0,0
"Accipiter_nisus",19.6,8.4,10,53.6,207.4,74.2,155.5,220.8,1,2,"Insessorial",23601609.31,0,100,0,0,0,0,0,0,0,20,20,20,20,20
"Accipiter_novaehollandiae",31.6,11.5,16.5,69,261.9,76,183.6,326.1,1,1,"Insessorial",1807067.3,30,40,30,0,0,0,0,0,0,50,0,30,20,0
"Accipiter_ovampensis",20.5,7.5,10.3,49.4,222.4,86.2,155,195,2,1,"Aerial",7295779.86,0,100,0,0,0,0,0,0,0,0,0,20,40,40
"Accipiter_poliocephalus",25,10.1,13.7,60.3,210.5,67.8,157.2,214.8,1,1,"Insessorial",671500.51,20,0,80,0,0,0,0,0,0,0,33,33,33,0
"Accipiter_poliogaster",27.7,8,13.2,52.4,240.4,72.6,174.6,315,1,2,"Insessorial",7203530.62,0,0,0,0,100,0,0,0,0,0,0,33,33,33
"Accipiter_princeps",33.6,13.8,17.8,68,266.3,77.8,192.3,214.8,1,1,"Insessorial",11549.62,50,0,0,0,50,0,0,0,0,100,0,0,0,0
"Accipiter_rhodogaster",20.5,7.9,10.8,53.4,172.6,51.6,125.8,172.7,1,1,"Insessorial",146036.85,20,60,20,0,0,0,0,0,0,50,0,30,20,0
"Accipiter_rufitorques",26,10.3,13.7,59.2,217.6,73.5,146,209,1,1,"Generalist",17581.12,20,80,0,0,0,0,0,0,0,0,30,40,30,0
"Accipiter_rufiventris",20.3,7.8,10,54.2,218.6,83,165.8,198,1,1,"Aerial",756057.21,10,80,10,0,0,0,0,0,0,20,30,30,0,20
"Accipiter_soloensis",25.6,8.6,9.7,39.5,187.8,73.1,123.4,164.8,1,3,"Insessorial",2375886.74,10,20,70,0,0,0,0,0,0,100,0,0,0,0
"Accipiter_striatus",18.3,7.3,9.4,49.9,181.6,56.6,134.3,130.6,1,3,"Aerial",16375303.87,0,100,0,0,0,0,0,0,0,0,25,25,25,25
"Accipiter_superciliosus",19.4,6.7,10.4,37.4,146.4,38.6,104.6,96.4,1,1,"Aerial",8560355.56,0,80,20,0,0,0,0,0,0,0,0,33,33,33
"Accipiter_sylvestris",26,9.2,13.1,54.5,206.4,66,146.9,326.1,1,1,"Insessorial",34582.63,NA,NA,NA,NA,NA,NA,NA,NA,NA,NA,NA,NA,NA,NA
"Accipiter_tachiro",18,9.1,12.4,65.7,217.4,55.6,175,290.2,1,1,"Aerial",5174215.21,10,70,20,0,0,0,0,0,0,20,20,20,20,20
"Accipiter_toussenelii",24.4,9.2,11.9,62.1,189,48.2,157.2,249.3,1,1,"Insessorial",4598131.33,10,70,20,0,0,0,0,0,0,33,33,33,0,0
"Accipiter_trinotatus",20.4,8.6,11.2,48.2,162.9,43,128.8,146,1,1,"Insessorial",120238.86,20,10,70,0,0,0,0,0,0,80,0,20,0,0
"Accipiter_trivirgatus",31.7,10.5,14.1,56.9,216.2,49.6,171.9,265,1,1,"Insessorial",3366430.69,20,60,20,0,0,0,0,0,0,33,33,33,0,0
"Accipiter_virgatus",21.2,7.6,10.2,49.8,167.7,46.7,123.9,117,1,2,"Generalist",4398429.71,20,60,20,0,0,0,0,0,0,50,0,30,20,0
"Aegolius_acadicus",18.2,7,10.5,23.6,135.2,40.2,78,100.7,2,3,"Insessorial",5712891.95,20,80,0,0,0,0,0,0,0,90,10,0,0,0
"Aegolius_funereus",18.2,7.9,10.5,23.4,169.1,53.2,102.5,137.2,1,2,"Insessorial",23596074.83,30,70,0,0,0,0,0,0,0,90,10,0,0,0
"Aegolius_harrisii",22,7.6,12.4,28.1,150.1,40.6,72.9,120,2,1,"Insessorial",1098550.77,50,50,0,0,0,0,0,0,0,80,20,0,0,0
"Aegolius_ridgwayi",18.4,7.9,10.9,23.3,138.3,34.3,67.2,80,1,2,"Insessorial",43992.75,20,80,0,0,0,0,0,0,0,90,10,0,0,0
"Aegypius_monachus",87.8,27.9,39.8,134.2,734.2,302.2,371,9320.6,2,1,"Terrestrial",7718571.19,0,0,0,0,0,100,0,0,0,100,0,0,0,0
"Aquila_adalberti",61.2,21.1,31,98.4,592.5,235,297,2958,1,2,"Generalist",131221.76,0,90,10,0,0,0,0,0,0,100,0,0,0,0
"Aquila_africana",39.4,12.8,20.4,76.6,342.2,93.8,277.8,1047,1,2,"Generalist",1918245.9,NA,NA,NA,NA,NA,NA,NA,NA,NA,NA,NA,NA,NA,NA
"Aquila_audax",60.5,19.6,31.2,104,617.7,244.5,387,3449.9,1,2,"Generalist",7679648.03,0,50,30,0,0,20,0,0,0,70,0,0,30,0
"Aquila_chrysaetos",56.8,18.5,28.4,101.4,603.1,221.2,307.1,4248,3,2,"Aerial",39450257.98,0,80,10,0,0,10,0,0,0,100,0,0,0,0
"Aquila_fasciata",45.7,16.2,23.7,93.2,486.8,181.8,260,1936.5,3,2,"Aerial",5630034.84,NA,NA,NA,NA,NA,NA,NA,NA,NA,NA,NA,NA,NA,NA
"Aquila_gurneyi",55.4,16.6,21.9,99.4,544.5,183.8,365.5,3060,1,1,"Aerial",601810.35,0,100,0,0,0,0,0,0,0,30,20,20,30,0
"Aquila_heliaca",59,19.8,28.4,93.7,582.2,230.8,316.2,3125.2,1,3,"Generalist",9556213.62,0,70,20,0,0,10,0,0,0,100,0,0,0,0
"Aquila_nipalensis",54.1,17.7,25.2,95.1,559.6,225.2,271.4,2714.3,3,3,"Aerial",6933240.92,0,90,0,0,0,10,0,0,0,100,0,0,0,0
"Aquila_rapax",54,16.8,24.3,84.3,506.6,196,242.4,2236.1,2,3,"Generalist",17572054.36,10,50,20,10,0,10,0,0,0,100,0,0,0,0
"Aquila_spilogaster",44,14.4,22.6,91.1,427.6,151.2,254.8,1466.2,3,1,"Generalist",12423292.01,NA,NA,NA,NA,NA,NA,NA,NA,NA,NA,NA,NA,NA,NA
"Aquila_verreauxii",58.2,18.3,27.6,117.4,590.2,200.5,403.5,4195,3,1,"Aerial",4020161.71,0,90,10,0,0,0,0,0,0,60,10,10,10,10
"Asio_abyssinicus",35.3,8.9,14.3,57.6,334.5,134.7,162.8,322.5,2,1,"Aerial",153995.93,10,90,0,0,0,0,0,0,0,100,0,0,0,0
"Asio_capensis",28.1,9.7,13.4,50.9,283.2,114.1,140.8,334,3,1,"Generalist",7302556.68,30,40,30,0,0,0,0,0,0,80,0,0,0,20
"Asio_clamator",32.9,10.4,17.5,46.1,248.9,47.2,135.6,443.3,2,1,"Aerial",7163922.1,NA,NA,NA,NA,NA,NA,NA,NA,NA,NA,NA,NA,NA,NA
"Asio_flammeus",27.3,9,13,42.5,297.2,141,146.5,322.6,3,3,"Aerial",39874062.36,0,100,0,0,0,0,0,0,0,90,0,10,0,0
"Asio_madagascariensis",33.6,11.4,17.2,42.7,256.8,79.7,147,322.5,1,1,"Aerial",579908.5,0,90,10,0,0,0,0,0,0,60,20,20,0,0
"Asio_otus",28.3,8.8,12.5,40.1,280.7,115.5,137,296.6,2,2,"Aerial",27618929.92,0,100,0,0,0,0,0,0,0,80,10,10,0,0
"Asio_stygius",41.8,9.9,17.1,42.5,326.8,132.9,173.7,565,1,1,"Insessorial",5017278.49,10,80,10,0,0,0,0,0,10,60,10,20,0,0
"Athene_brama",19.7,7.5,11.3,25.6,153,44.5,74.2,112,2,1,"Insessorial",5213398.06,70,20,10,0,0,0,0,0,0,60,10,30,0,0
"Athene_cunicularia",24.1,7.9,13.7,43.4,180,51,80.2,150.6,3,1,"Generalist",14303129.42,20,70,10,0,0,0,0,0,0,80,10,10,0,0
"Athene_noctua",18.8,7.8,11.4,32.6,157,50,74.2,168.9,3,1,"Insessorial",26742298.73,70,20,10,0,0,0,0,0,0,80,10,10,0,0
"Athene_superciliaris",25.4,9.7,14.5,36.1,194,53.4,118.2,231,2,1,"Insessorial",415419.42,NA,NA,NA,NA,NA,NA,NA,NA,NA,NA,NA,NA,NA,NA
"Aviceda_cuculoides",25.5,10.6,13.9,33,264.6,114,154.2,277,1,1,"Insessorial",10593852.38,40,10,30,20,0,0,0,0,0,33,33,33,0,0
"Aviceda_jerdoni",45.5,12.9,15.9,34.7,302.8,76.9,211,363,2,1,"Insessorial",1592906.95,70,0,30,0,0,0,0,0,0,100,0,0,0,0
"Aviceda_leuphotes",24.6,10.2,12.5,25,230.6,82,124,194,2,3,"Insessorial",3528791.57,70,10,20,0,0,0,0,0,0,33,33,33,0,0
"Aviceda_madagascariensis",28.6,11.6,16.2,38.7,314.2,106,169.2,277,1,1,"Insessorial",340717.9,30,0,70,0,0,0,0,0,0,33,33,33,0,0
"Aviceda_subcristata",28.3,11.6,14.7,36.3,336.6,134.5,202,322.7,2,1,"Insessorial",1718124.83,40,10,40,0,0,0,10,0,0,0,0,30,70,0
"Bubo_africanus",38.3,12.3,19.4,61.9,311.4,96,175.9,645,2,1,"Generalist",9185929.09,60,20,20,0,0,0,0,0,0,80,0,0,0,20
"Bubo_ascalaphus",39.8,13,20,75.9,362,124.2,187,2100,3,1,"Insessorial",3200038.62,10,80,10,0,0,0,0,0,0,90,10,0,0,0
"Bubo_bengalensis",45.2,13.2,20.7,73.1,378.8,138.5,190.2,1100,2,1,"Insessorial",3283460.59,10,70,10,10,0,0,0,0,10,80,10,0,0,0
"Bubo_blakistoni",52.3,19.7,27.8,83,508,135,261,3850,1,1,"Insessorial",2289996.15,NA,NA,NA,NA,NA,NA,NA,NA,NA,NA,NA,NA,NA,NA
"Bubo_bubo",50.4,17.9,26,79.9,438.5,144.8,244.5,2668.5,2,1,"Insessorial",31974373.19,10,80,10,0,0,0,0,0,0,80,10,10,0,0
"Bubo_capensis",40,12.6,21.2,73,361,120.2,189.8,1118.6,2,1,"Insessorial",1905194.15,0,90,10,0,0,0,0,0,0,80,10,0,0,10
"Bubo_cinerascens",37,11.6,17.1,63.3,299.4,98.2,161.8,500,2,1,"Insessorial",9679896.35,40,30,30,0,0,0,0,0,0,70,10,10,0,10
"Bubo_coromandus",43.5,14.1,22,59.4,397,135.6,205.5,1392.2,2,1,"Insessorial",1428965.17,0,70,20,10,0,0,0,0,20,60,10,10,0,0
"Bubo_lacteus",53.8,15.9,27.8,75.1,435.4,129,217.8,2114.9,3,1,"Insessorial",11298632.02,10,60,20,10,0,0,0,0,20,60,10,10,0,0
"Bubo_leucostictus",32.3,10.8,16.4,46.8,313.6,106.3,188,532.5,1,1,"Insessorial",2567896.43,100,0,0,0,0,0,0,0,0,40,30,20,10,0
"Bubo_magellanicus",40.1,12.6,20.2,65.9,336,113,181.6,1166.4,2,1,"Insessorial",2370543.59,10,80,10,0,0,0,0,0,0,90,10,0,0,0
"Bubo_nipalensis",54.2,19.2,28.6,69,426,117.2,219.2,1396.4,1,1,"Insessorial",2384160.56,0,60,20,20,0,0,0,0,10,60,10,20,0,0
"Bubo_philippensis",47.5,16.4,23.8,67.5,341.2,79.8,166.8,532.5,1,1,"Insessorial",224009.38,0,100,0,0,0,0,0,0,20,60,10,10,0,0
"Bubo_poensis",41.5,13.4,22,50.3,308.4,68.6,162.7,654.9,1,1,"Insessorial",3809271.04,60,20,20,0,0,0,0,0,0,70,10,10,10,0
"Bubo_scandiacus",44.3,14.9,22.1,62.2,418.8,172,215,2028.8,3,3,"Insessorial",5773405.49,NA,NA,NA,NA,NA,NA,NA,NA,NA,NA,NA,NA,NA,NA
"Bubo_shelleyi",55.4,18.9,29.5,71.5,430.8,105.6,228.8,1257,1,1,"Insessorial",1316503.9,0,100,0,0,0,0,0,0,0,80,10,10,0,0
"Bubo_sumatranus",48.6,15,23.4,41.3,331.8,84.8,165.6,1525,1,1,"Insessorial",1415096.11,60,30,10,0,0,0,0,0,0,80,10,10,0,0
"Bubo_virginianus",44.7,17.8,25.4,75.4,371.2,112.7,197,1354.5,2,1,"Insessorial",24426738.59,10,90,0,0,0,0,0,0,10,80,10,0,0,0
"Busarellus_nigricollis",40.8,12.5,17.6,76.1,393.5,105.9,199.8,766.1,1,1,"Insessorial",12825637.87,10,0,0,90,0,0,0,0,0,100,0,0,0,0
"Butastur_indicus",40.5,10.4,14.5,53.4,327.6,155.1,191.8,414.6,2,3,"Insessorial",1828306.34,0,50,50,0,0,0,0,0,0,100,0,0,0,0
"Butastur_liventer",31.3,10.5,14,61.7,275,115.6,149,338,3,1,"Insessorial",1357262.8,30,40,30,0,0,0,0,0,0,100,0,0,0,0
"Butastur_rufipennis",28.7,10.3,12.3,58.4,311.2,143.5,181.4,334.9,3,1,"Insessorial",3625177.22,80,10,10,0,0,0,0,0,0,100,0,0,0,0
"Butastur_teesa",30.6,10.7,13.8,60.4,295.4,132,191,325,3,1,"Insessorial",3969936.2,30,30,40,0,0,0,0,0,0,100,0,0,0,0
"Buteo_albigula",27.9,11.4,15.2,57.9,291,109.6,182.2,525,2,3,"Generalist",1021826.91,0,100,0,0,0,0,0,0,0,40,30,30,0,0
"Buteo_albonotatus",35.1,12.7,16.9,70.4,398,159.7,217,745.9,1,1,"Aerial",7192504.19,0,70,30,0,0,0,0,0,0,50,20,30,0,0
"Buteo_augur",42.7,13.3,18.9,89.3,410.2,129.3,188.5,1099.2,2,1,"Insessorial",3919632.94,10,40,40,0,0,10,0,0,0,60,20,20,0,0
"Buteo_auguralis",33.3,11.2,15.6,73.6,356.2,135.9,192.6,663.9,1,1,"Insessorial",7045229.26,40,30,30,0,0,0,0,0,0,80,20,0,0,0
"Buteo_brachypterus",33.6,11.5,16.4,63.1,315.4,100.1,184.4,511,1,1,"Insessorial",591120.44,10,30,60,0,0,0,0,0,0,60,20,20,0,0
"Buteo_brachyurus",31.1,10.4,14.9,53.8,307.6,90,171,496,1,1,"Aerial",14372802.04,0,100,0,0,0,0,0,0,0,0,0,0,80,20
"Buteo_buteo",35.9,12.6,16.6,75.8,382.9,147.2,214.4,759.1,3,2,"Insessorial",11719424.27,0,90,10,0,0,0,0,0,0,100,0,0,0,0
"Buteo_galapagoensis",40.9,13.9,19.3,77,402.6,176.8,235.2,1137.4,1,1,"Aerial",5639.54,10,50,30,0,0,10,0,0,0,100,0,0,0,0
"Buteo_hemilasius",40.7,14.7,18.8,80,467.2,179,251.4,1358.9,3,1,"Generalist",5366251.83,10,80,10,0,0,0,0,0,0,100,0,0,0,0
"Buteo_jamaicensis",37.6,14.4,20.2,80.9,402.8,139.9,212.2,1101.2,2,3,"Insessorial",15462822.34,10,60,30,0,0,0,0,0,0,0,0,33,33,33
"Buteo_japonicus",34.5,11.7,15.8,77,395,163,212,759.1,3,2,"Insessorial",4465171.4,NA,NA,NA,NA,NA,NA,NA,NA,NA,NA,NA,NA,NA,NA
"Buteo_lagopus",34.5,11.7,15.9,72.3,428.3,180.3,240,949.8,3,3,"Insessorial",9709846.76,10,80,0,10,0,0,0,0,0,100,0,0,0,0
"Buteo_lineatus",33.1,11.8,16.3,74.1,319,106.9,172.8,603.7,1,3,"Aerial",3542030.5,20,40,40,0,0,0,0,0,0,33,33,33,0,0
"Buteo_nitidus",30.3,11.2,15.3,64.6,247.3,71.9,170.6,519,1,1,"Insessorial",10412658.23,20,20,60,0,0,0,0,0,0,0,33,33,33,0
"Buteo_oreophilus",35.1,11.4,15.3,70.9,346,124.7,182.5,700,1,1,"Insessorial",674707.01,10,60,30,0,0,0,0,0,0,50,30,20,0,0
"Buteo_plagiatus",34.1,11.4,17.2,78.7,267.9,81.6,162,519,1,1,"Insessorial",1432406.12,NA,NA,NA,NA,NA,NA,NA,NA,NA,NA,NA,NA,NA,NA
"Buteo_platypterus",28.3,11.1,14.4,53.4,277.7,103.7,178.8,453.7,2,3,"Insessorial",4864047.78,10,70,20,0,0,0,0,0,0,100,0,0,0,0
"Buteo_refectus",33.4,11.8,16.1,64.9,346,125.7,173.3,759.1,3,2,"Insessorial",411852.38,NA,NA,NA,NA,NA,NA,NA,NA,NA,NA,NA,NA,NA,NA
"Buteo_regalis",41.3,18.3,20.2,81.6,431,179.2,240.6,1437.2,3,3,"Generalist",2780053.23,0,100,0,0,0,0,0,0,0,100,0,0,0,0
"Buteo_ridgwayi",26.5,9.8,14.2,65.8,222.5,73.9,144.2,315,1,1,"Insessorial",210.23,0,60,40,0,0,0,0,0,0,20,20,20,20,20
"Buteo_rufinus",41.6,14,19.8,86.1,447.5,180.8,244.5,1166.2,3,3,"Generalist",8574436.83,0,80,20,0,0,0,0,0,0,100,0,0,0,0
"Buteo_rufofuscus",39.8,13.4,17.9,84.9,413.2,140.6,190.4,1530,3,2,"Generalist",1533534.66,10,40,40,0,0,10,0,0,0,40,30,20,10,0
"Buteo_socotraensis",37.8,14.1,18,84,323,115.8,176.7,759.1,3,2,"Insessorial",3622.4,NA,NA,NA,NA,NA,NA,NA,NA,NA,NA,NA,NA,NA,NA
"Buteo_solitarius",31.8,13.2,15.9,72.7,270.2,92.3,160.5,500.9,1,1,"Insessorial",6957.48,30,70,0,0,0,0,0,0,0,33,33,33,0,0
"Buteo_swainsoni",35.3,13.6,16.6,60.7,383.7,175.2,193.6,946.6,3,3,"Insessorial",4303055.16,30,60,10,0,0,0,0,0,0,20,20,20,20,20
"Buteo_trizonatus",34,11.4,15.1,67.6,345.8,131.5,184,568,1,1,"Insessorial",101450.72,NA,NA,NA,NA,NA,NA,NA,NA,NA,NA,NA,NA,NA,NA
"Buteo_ventralis",37.2,13,19,76.8,359,118.4,221.5,1190.5,1,2,"Insessorial",536992.07,0,100,0,0,0,0,0,0,0,50,20,30,0,0
"Buteogallus_aequinoctialis",36.1,11.2,16,73.3,316.2,78.8,147.2,657.6,2,1,"Insessorial",132570.12,100,0,0,0,0,0,0,0,0,100,0,0,0,0
"Buteogallus_anthracinus",39.6,12.9,17.5,78.6,355.2,106,206.2,975.1,2,1,"Insessorial",1898078.97,30,0,30,40,0,0,0,0,0,40,30,10,10,10
"Buteogallus_coronatus",60.9,15.8,29.7,119.4,533,177.5,262.2,2950,2,2,"Insessorial",4233989.28,NA,NA,NA,NA,NA,NA,NA,NA,NA,NA,NA,NA,NA,NA
"Buteogallus_gundlachii",39.6,12.3,17.3,85.2,348.1,112.6,190,975.1,2,1,"Insessorial",14641.79,30,0,30,40,0,0,0,0,0,40,30,10,10,10
"Buteogallus_lacernulatus",34.8,11.7,15.5,77.2,293.8,87,157,312,1,1,"Insessorial",139998.95,NA,NA,NA,NA,NA,NA,NA,NA,NA,NA,NA,NA,NA,NA
"Buteogallus_meridionalis",36,11.6,18.1,93.4,416.4,130.9,217.4,808,3,1,"Insessorial",10432463.33,20,30,30,20,0,0,0,0,0,100,0,0,0,0
"Buteogallus_schistaceus",35.5,12.6,18.1,75.7,272,70,173.2,1000,1,1,"Insessorial",3642728.14,NA,NA,NA,NA,NA,NA,NA,NA,NA,NA,NA,NA,NA,NA
"Buteogallus_solitarius",58.6,18.7,28,120.4,526.2,150.6,245.3,3000,1,1,"Insessorial",998204.29,NA,NA,NA,NA,NA,NA,NA,NA,NA,NA,NA,NA,NA,NA
"Buteogallus_urubitinga",46,14.6,21.9,118.4,399.7,87.3,255.6,1152.9,2,1,"Insessorial",13126253.65,20,20,30,10,0,10,10,0,0,40,10,10,40,0
"Caracara_cheriway",48.3,14,23,94.8,386,164.8,207.3,1078.6,2,1,"Terrestrial",4169053.29,20,0,20,0,0,60,0,0,0,100,0,0,0,0
"Caracara_plancus",43.8,14.8,23.9,79.1,378.7,92.3,205.3,1078.6,3,1,"Terrestrial",9019115.11,20,0,20,0,0,60,0,0,0,100,0,0,0,0
"Cathartes_aura",51.5,14.3,17.2,54,508.5,135.6,244,1518.2,3,2,"Terrestrial",28126442.74,0,0,0,0,0,100,0,0,0,100,0,0,0,0
"Cathartes_burrovianus",50.4,13.1,15.4,49,485.8,133.4,240.4,935,3,1,"Terrestrial",7839868.54,0,0,0,0,0,100,0,0,0,100,0,0,0,0
"Cathartes_melambrotus",54.6,14.2,17.3,63.2,503,83.1,258,1373,3,1,"Terrestrial",6652618.68,0,0,0,0,0,100,0,0,0,100,0,0,0,0
"Chelictinia_riocourii",17.7,8.6,9.1,28.2,240.2,136.2,192,110,2,1,"Aerial",5425285.72,60,20,20,0,0,0,0,0,0,100,0,0,0,0
"Chondrohierax_uncinatus",36.2,12.4,18.4,33.6,285.3,59.8,197.6,286.1,2,2,"Insessorial",9787616.08,80,0,20,0,0,0,0,0,0,0,50,50,0,0
"Chondrohierax_wilsonii",38.4,11.8,20.6,23,244,63.5,185,286.1,2,2,"Insessorial",3890.11,80,0,20,0,0,0,0,0,0,0,50,50,0,0
"Ciccaba_albitarsis",32.1,9.5,15.5,48.7,263.6,88,143.4,307.5,1,1,"Insessorial",325371.54,NA,NA,NA,NA,NA,NA,NA,NA,NA,NA,NA,NA,NA,NA
"Ciccaba_huhula",36.1,9,15.3,44.6,249.5,69.7,148.5,370,1,1,"Insessorial",7366712.07,NA,NA,NA,NA,NA,NA,NA,NA,NA,NA,NA,NA,NA,NA
"Ciccaba_nigrolineata",36.6,9,16,47.4,255,72.4,165.2,457.9,1,1,"Insessorial",991396.19,NA,NA,NA,NA,NA,NA,NA,NA,NA,NA,NA,NA,NA,NA
"Ciccaba_virgata",33,9,16.1,40.6,240.6,50.3,149.1,284,2,1,"Insessorial",10135669.69,NA,NA,NA,NA,NA,NA,NA,NA,NA,NA,NA,NA,NA,NA
"Circaetus_beaudouini",45.6,15.1,22.7,79.3,501.8,216.8,259.6,1500,2,1,"Insessorial",3453409.14,0,0,80,0,20,0,0,0,0,60,20,20,0,0
"Circaetus_cinerascens",42.2,13.5,21.7,68.1,379.5,115.2,220.5,1126,1,1,"Insessorial",5762003,10,10,70,10,0,0,0,0,0,70,10,10,10,0
"Circaetus_cinereus",54.7,15.8,28.6,94.3,517.8,222,254,2048,2,1,"Insessorial",11541044.04,0,10,90,0,0,0,0,0,0,80,0,0,20,0
"Circaetus_fasciolatus",39.8,13.9,23,71.7,362.2,101.5,227,1013.6,3,1,"Insessorial",734455.97,10,20,70,0,0,0,0,0,0,20,20,20,30,10
"Circaetus_gallicus",47,15.5,24.6,90.9,537,216.8,280.4,1699.1,3,3,"Aerial",12695589.93,0,10,90,0,0,0,0,0,0,60,0,20,0,20
"Circaetus_pectoralis",46.7,14.6,23.1,83.8,527.8,229,259.4,1500,2,1,"Generalist",9328714.6,10,20,60,10,0,0,0,0,0,100,0,0,0,0
"Circus_aeruginosus",37.3,11.9,16.2,79.3,405.7,185.3,233.9,704.1,3,2,"Aerial",13390803.81,10,60,20,10,0,0,0,0,0,100,0,0,0,0
"Circus_approximans",39.5,11.9,16.4,89.3,406.9,181.9,233.2,746.2,3,2,"Aerial",2033024.84,10,50,20,10,0,10,0,0,0,100,0,0,0,0
"Circus_assimilis",36.1,11.2,16.2,95.2,421.6,191.6,271.1,558.6,3,2,"Aerial",7817547.59,0,70,30,0,0,0,0,0,0,100,0,0,0,0
"Circus_buffoni",41.4,12.7,16.6,85.3,436,210,265,507.4,3,2,"Aerial",4327364.53,0,50,50,0,0,0,0,0,0,100,0,0,0,0
"Circus_cinereus",29.8,9.3,12.9,67.5,344.5,154.5,240.4,399.7,3,2,"Aerial",2424495.35,10,60,30,0,0,0,0,0,0,60,20,20,0,0
"Circus_cyaneus",30.1,9.7,13,72.1,352.4,158.9,131.7,393,3,3,"Aerial",17331412.86,10,70,10,0,0,10,0,0,0,100,0,0,0,0
"Circus_hudsonius",31.1,10.1,13.2,82,360.9,161.1,212.9,393,3,3,"Aerial",12347245.55,NA,NA,NA,NA,NA,NA,NA,NA,NA,NA,NA,NA,NA,NA
"Circus_macrosceles",37.4,11.6,16.1,92.2,420.9,201.7,242.7,663.6,3,1,"Aerial",412352.02,10,50,40,0,0,0,0,0,0,60,40,0,0,0
"Circus_macrourus",29.5,9.7,12.7,68,351.2,185,226.6,384.4,3,3,"Aerial",6168290.72,20,70,10,0,0,0,0,0,0,100,0,0,0,0
"Circus_maillardi",37.4,11.1,16.6,83.5,353.2,144,229,663.6,1,1,"Aerial",1488.84,10,50,40,0,0,0,0,0,0,60,40,0,0,0
"Circus_maurus",31.7,10.6,13.5,71.9,352.4,151.2,249.2,509,2,1,"Aerial",597211.38,10,80,10,0,0,0,0,0,0,80,20,0,0,0
"Circus_melanoleucos",29.9,9.4,13.1,72.5,352.6,179.8,214,336.3,3,3,"Aerial",1811211.65,10,80,10,0,0,0,0,0,0,100,0,0,0,0
"Circus_pygargus",26.1,8.6,11.2,62,362.3,188,224.8,310.8,3,3,"Aerial",6837154.32,10,80,10,0,0,0,0,0,0,100,0,0,0,0
"Circus_ranivorus",35.4,11.1,14.1,84.5,363.2,163.2,226.8,507,3,1,"Aerial",4426338.22,10,60,20,0,0,10,0,0,0,60,40,0,0,0
"Circus_spilonotus",38.3,12.1,15.9,86.3,407.2,194.2,241.2,558.8,3,3,"Aerial",5723030.46,0,80,10,10,0,0,0,0,0,100,0,0,0,0
"Circus_spilothorax",35.3,11.9,14.4,89.1,377.4,133,215.6,558.8,3,3,"Aerial",76450.96,NA,NA,NA,NA,NA,NA,NA,NA,NA,NA,NA,NA,NA,NA
"Clanga_clanga",50.2,15.6,23.2,96.8,510.6,192.2,261.4,2154.3,3,3,"Generalist",8980278.98,NA,NA,NA,NA,NA,NA,NA,NA,NA,NA,NA,NA,NA,NA
"Clanga_hastata",44.4,14,18.9,90.2,456.5,191.8,208.5,1359.4,2,2,"Generalist",2409106.07,NA,NA,NA,NA,NA,NA,NA,NA,NA,NA,NA,NA,NA,NA
"Clanga_pomarina",47.3,13.4,19.5,91.6,459.3,184.8,213,1359.4,1,3,"Generalist",2013351.79,NA,NA,NA,NA,NA,NA,NA,NA,NA,NA,NA,NA,NA,NA
"Coragyps_atratus",60,14.8,16.1,76.1,410.1,58.4,180,1881.7,3,2,"Terrestrial",21173636.93,0,10,10,10,0,70,0,0,0,100,0,0,0,0
"Cryptoleucopteryx_plumbea",32.1,11.2,16.7,58.9,238,74.2,145.4,482,1,1,"Insessorial",162116.76,NA,NA,NA,NA,NA,NA,NA,NA,NA,NA,NA,NA,NA,NA
"Daptrius_ater",33.1,12,15,48.3,310.7,98.5,199.4,351.8,2,2,"Terrestrial",6702133.37,10,20,20,20,0,20,10,0,0,20,20,40,20,0
"Dryotriorchis_spectabilis",36.5,13,21.3,65.8,290.5,77,240.2,697,1,1,"Insessorial",2884763,0,0,100,0,0,0,0,0,0,50,50,0,0,0
"Elanoides_forficatus",29.4,10.2,12.3,33.5,412.8,189.1,279.2,416.2,2,3,"Generalist",13295665.49,70,0,20,0,0,0,10,0,0,0,50,50,0,0
"Elanus_axillaris",25.3,9,11.4,38.8,288.4,153,136.8,270.1,3,2,"Aerial",7649038.18,10,80,10,0,0,0,0,0,0,100,0,0,0,0
"Elanus_caeruleus",30.9,9.2,11.3,32.1,286.3,132.1,127.7,259.8,3,2,"Aerial",26685941.8,20,60,20,0,0,0,0,0,0,100,0,0,0,0
"Elanus_leucurus",25.3,8.8,10.9,31.8,294,120.3,170.3,346,3,2,"Aerial",12522294.39,0,90,10,0,0,0,0,0,0,80,0,0,0,20
"Elanus_scriptus",26.2,11.8,12,38.3,302.2,148.8,139.8,316,3,2,"Aerial",727463.72,10,90,0,0,0,0,0,0,0,100,0,0,0,0
"Erythrotriorchis_buergersi",33.7,12.8,18.2,75.2,310.7,105.5,238.7,575,1,1,"Generalist",152406.32,0,100,0,0,0,0,0,0,0,0,33,33,33,0
"Erythrotriorchis_radiatus",34.8,11.9,17.4,74.5,387.2,161.8,250,887.4,1,1,"Aerial",1074830.71,10,80,10,0,0,0,0,0,0,0,20,40,20,20
"Eutriorchis_astur",40.3,11.6,19.5,84,318.5,74.2,287.5,700,1,1,"Insessorial",34460.57,0,20,80,0,0,0,0,0,0,30,30,30,10,0
"Falco_alopex",21.8,11.3,13.2,42.2,280.4,141.6,192.2,273.9,3,1,"Insessorial",5286034.09,30,40,30,0,0,0,0,0,0,100,0,0,0,0
"Falco_amurensis",17.2,9,10.2,28.5,234.2,124,121.5,141.9,3,3,"Insessorial",2793291.94,60,20,20,0,0,0,0,0,0,40,20,20,0,20
"Falco_araeus",17.3,8.1,9.5,31.7,151.8,68.8,98.8,79.8,3,1,"Insessorial",222.23,NA,NA,NA,NA,NA,NA,NA,NA,NA,NA,NA,NA,NA,NA
"Falco_ardosiaceus",24.2,9.8,14,41,229.2,112,152.2,234.2,3,1,"Insessorial",7345675.56,30,50,20,0,0,0,0,0,0,50,50,0,0,0
"Falco_berigora",27.2,12.5,15.7,71.8,340.2,170.8,194,587,3,1,"Generalist",8273511.57,20,40,20,0,0,20,0,0,0,30,20,30,0,20
"Falco_biarmicus",28.2,13.4,16.6,46.9,330.8,169.2,169.8,606.1,3,2,"Aerial",17892923.9,10,80,10,0,0,0,0,0,0,30,30,20,10,10
"Falco_cenchroides",20,9.6,11.6,38.3,249.4,136.1,161.4,170.5,3,2,"Generalist",7685043.14,60,20,20,0,0,0,0,0,0,70,20,10,0,0
"Falco_cherrug",32.8,14.8,17.9,52.6,378.5,190.5,204.5,961.2,3,3,"Generalist",11514254.26,0,90,10,0,0,0,0,0,0,70,10,10,0,10
"Falco_chicquera",20.9,8.8,12.3,36.7,204.8,99.8,139,208,3,1,"Aerial",3166581.2,20,70,10,0,0,0,0,0,0,10,30,30,0,30
"Falco_columbarius",16.6,8,10.5,34.3,199.6,98.8,116.6,188.5,3,3,"Aerial",26326086.22,20,80,0,0,0,0,0,0,0,0,33,33,0,33
"Falco_concolor",20.1,9.6,11.7,34,269,165.8,124.4,250,3,3,"Aerial",374520.47,30,60,0,0,10,0,0,0,0,10,30,30,0,30
"Falco_cuvierii",18.3,9,10.3,29.5,226.6,130.8,111.4,182.2,3,2,"Aerial",7436820.01,60,40,0,0,0,0,0,0,0,0,33,33,0,33
"Falco_deiroleucus",26.9,11.8,16.5,40.2,256.2,101.2,141,459.6,3,1,"Aerial",3323144.47,0,100,0,0,0,0,0,0,0,0,0,33,33,33
"Falco_dickinsoni",21.4,10.5,13.7,34.3,221,118.2,134.6,209,3,1,"Aerial",3765759.75,30,40,30,0,0,0,0,0,0,100,0,0,0,0
"Falco_eleonorae",22.1,10.6,12.9,33.1,311.9,171.5,160.5,390,3,3,"Aerial",121952.48,50,50,0,0,0,0,0,0,0,0,10,30,30,30
"Falco_fasciinucha",21.5,11.3,12.4,30.2,208.2,120.5,85.5,254.7,3,1,"Aerial",501059.82,10,90,0,0,0,0,0,0,0,0,10,30,30,30
"Falco_femoralis",21.4,10.8,13.2,40.5,245.1,112.7,167.6,335.8,3,2,"Aerial",12113135.74,50,40,10,0,0,0,0,0,0,30,30,20,10,10
"Falco_hypoleucos",24.1,12.4,15.5,42.1,307.4,152.8,144.6,457.2,3,2,"Aerial",5366724.85,20,50,30,0,0,0,0,0,0,40,20,20,0,20
"Falco_jugger",27.1,12.7,15.7,43.9,331.4,174,177.4,755,3,2,"Aerial",2552980.42,10,80,10,0,0,0,0,0,0,40,20,20,0,20
"Falco_longipennis",19.7,10.3,12.2,35.9,255,147.8,128,249.8,3,2,"Aerial",7754528.46,30,70,0,0,0,0,0,0,0,0,33,33,0,33
"Falco_mexicanus",31.1,13.8,16.5,55.6,325,166,188.4,713.1,3,3,"Aerial",3975634.14,0,100,0,0,0,0,0,0,0,70,20,10,0,0
"Falco_moluccensis",23.2,9.5,11.6,41.5,224,112.7,138.2,162,3,1,"Insessorial",466435.96,30,40,30,0,0,0,0,0,0,60,20,20,0,0
"Falco_naumanni",19.8,9.5,11,29.9,229.3,123.4,132.4,152.1,3,3,"Generalist",9560575.62,100,0,0,0,0,0,0,0,0,40,20,20,0,20
"Falco_newtoni",18.4,8.9,10.2,35.7,188.6,93.8,126.6,123.4,3,1,"Insessorial",590995.81,60,20,20,0,0,0,0,0,0,50,50,0,0,0
"Falco_novaeseelandiae",27.1,10.4,15.9,56.5,262.2,105.8,172.4,418.6,3,2,"Aerial",148523.7,10,70,10,0,0,10,0,0,0,40,20,20,0,20
"Falco_peregrinus",31.1,13.7,15.4,45.1,314.7,165,143,760,3,2,"Aerial",38088662.45,10,80,10,0,0,0,0,0,0,20,20,20,20,20
"Falco_punctatus",19.5,9.2,10.7,39.3,179.4,63.4,134.4,167.4,3,1,"Generalist",157.55,10,20,70,0,0,0,0,0,0,20,20,40,10,10
"Falco_ruficollis",19.5,8.6,11.9,37.6,203.7,95.9,123.8,208,3,1,"Aerial",12602475.21,NA,NA,NA,NA,NA,NA,NA,NA,NA,NA,NA,NA,NA,NA
"Falco_rufigularis",19.6,9.7,11,32.8,198.8,80,108,163.6,2,1,"Aerial",13377698.05,30,70,0,0,0,0,0,0,0,10,30,30,0,30
"Falco_rupicoloides",22.6,10.1,12.8,44.2,276.2,139.7,160.6,261,3,1,"Insessorial",3191508.18,60,20,20,0,0,0,0,0,0,10,30,30,0,30
"Falco_rusticolus",36,16.3,19.2,56.7,368,174.2,201.8,1431.7,3,3,"Aerial",8809463.94,0,100,0,0,0,0,0,0,0,70,10,10,0,10
"Falco_severus",23.7,9.3,11.3,28.5,217.4,128.8,97.4,200.6,3,3,"Aerial",3641161.59,30,70,0,0,0,0,0,0,0,0,33,33,0,33
"Falco_sparverius",17.1,8.4,10.1,33.7,182.4,77.9,126.5,114.6,3,3,"Insessorial",26638648.91,60,20,20,0,0,0,0,0,0,50,40,10,0,0
"Falco_subbuteo",17.9,10.4,11.8,31.7,260.7,150.2,129.2,208.2,3,3,"Aerial",28255832.68,70,30,0,0,0,0,0,0,0,0,33,33,0,33
"Falco_subniger",27.7,12.8,16.9,50.6,374.8,182,224.8,776,3,2,"Generalist",5910471.62,30,30,30,0,0,10,0,0,0,40,20,20,0,20
"Falco_tinnunculus",20.8,10.6,11.5,39.1,241,123.2,154.5,183.2,3,3,"Aerial",49037026.09,10,90,0,0,0,0,0,0,0,80,10,10,0,0
"Falco_vespertinus",17.1,9.4,10.5,28.1,237.9,132.9,125.2,151.5,3,3,"Aerial",9360235.41,80,10,10,0,0,0,0,0,0,100,0,0,0,0
"Falco_zoniventris",20.6,10.2,14.7,34,218.8,107.2,141.5,174,3,1,"Insessorial",411893.8,20,20,60,0,0,0,0,0,0,20,30,30,20,0
"Gampsonyx_swainsonii",16.2,7.1,8.4,26,147.7,55.9,97.9,92.9,2,1,"Insessorial",10266134.72,10,0,90,0,0,0,0,0,0,100,0,0,0,0
"Geranoaetus_albicaudatus",37.4,13.8,16.4,87.3,427,148.1,199,885,3,1,"Generalist",9466789.11,NA,NA,NA,NA,NA,NA,NA,NA,NA,NA,NA,NA,NA,NA
"Geranoaetus_melanoleucus",50.5,15.4,23,98.2,496.2,182.8,210.5,2378.6,2,1,"Aerial",6807951.84,0,90,10,0,0,0,0,0,0,100,0,0,0,0
"Geranoaetus_polyosoma",36.3,13,18.3,83.4,402,153.3,192.8,782.6,2,2,"Aerial",3165493.22,NA,NA,NA,NA,NA,NA,NA,NA,NA,NA,NA,NA,NA,NA
"Geranospiza_caerulescens",25.9,9.6,12.9,71.7,269.1,65.1,211.4,302.5,2,1,"Insessorial",14333669.12,30,30,40,0,0,0,0,0,0,20,30,50,0,0
"Glaucidium_albertinum",19.3,7.9,11.2,25.1,130.2,24.5,73.9,73,1,1,"Insessorial",32391.82,100,0,0,0,0,0,0,0,0,70,10,10,10,0
"Glaucidium_bolivianum",14.8,5.6,8.9,20.4,101.6,24.2,61.5,63,1,1,"Insessorial",121188.27,50,40,10,0,0,0,0,0,0,90,10,0,0,0
"Glaucidium_brasilianum",15.1,6.1,10.7,17.2,93.8,16.6,62.8,63.3,2,1,"Insessorial",14375175.98,60,20,20,0,0,0,0,0,0,80,10,10,0,0
"Glaucidium_brodiei",20.5,6.7,10.6,16.7,92.6,19.4,50.4,59.4,1,1,"Insessorial",2470997.29,30,40,30,0,0,0,0,0,0,70,10,20,0,0
"Glaucidium_californicum",13.3,6,8.9,20,93.5,24.8,67.8,70.5,2,2,"Insessorial",1898663.75,40,50,10,0,0,0,0,0,0,90,10,0,0,0
"Glaucidium_capense",18.2,7.5,11.2,25.6,139.2,40.5,79.5,122,2,1,"Insessorial",4071921.71,60,40,0,0,0,0,0,0,0,70,10,20,0,0
"Glaucidium_castaneum",17.6,7.1,11.1,23.7,129.5,32.9,77.5,100,1,1,"Insessorial",91747.23,50,0,0,0,50,0,0,0,0,70,10,20,0,0
"Glaucidium_castanopterum",19,8.2,13.1,22.1,139.6,35.7,69.6,198.2,1,1,"Insessorial",50170.82,60,30,10,0,0,0,0,0,0,70,20,10,0,0
"Glaucidium_castanotum",18.5,8.2,11.6,26.9,126,31.8,62.4,100,1,1,"Insessorial",46677.71,NA,NA,NA,NA,NA,NA,NA,NA,NA,NA,NA,NA,NA,NA
"Glaucidium_cobanense",13,6.9,9.8,15.5,87.7,20.4,60.4,61.3,2,1,"Insessorial",68465.71,NA,NA,NA,NA,NA,NA,NA,NA,NA,NA,NA,NA,NA,NA
"Glaucidium_costaricanum",13.2,6,8.9,18.5,93.8,26,53,66,2,1,"Insessorial",10616.37,60,20,20,0,0,0,0,0,0,90,10,0,0,0
"Glaucidium_cuculoides",20.7,8,13.4,23.4,147.8,34.5,81,198.2,1,1,"Insessorial",4612393.64,60,20,20,0,0,0,0,0,0,50,20,10,10,10
"Glaucidium_gnoma",14.1,4.9,9.6,17.4,87.8,17.4,62.5,61.3,2,1,"Insessorial",585868.15,60,30,10,0,0,0,0,0,0,90,10,0,0,0
"Glaucidium_griseiceps",13.4,5.9,9.4,17.8,90.4,23.8,52.2,50.6,1,1,"Insessorial",270382.47,40,30,30,0,0,0,0,0,0,80,10,10,0,0
"Glaucidium_hardyi",14.7,6.4,8.9,18.9,89.5,18,48,58.3,1,1,"Insessorial",4691899.43,70,0,0,0,30,0,0,0,0,80,10,10,0,0
"Glaucidium_hoskinsii",12.9,7.2,9,20.4,88.4,21,63.1,61.3,2,1,"Insessorial",44146.11,NA,NA,NA,NA,NA,NA,NA,NA,NA,NA,NA,NA,NA,NA
"Glaucidium_jardinii",14.5,7,9,21.4,99.6,25.1,65.6,66.9,2,1,"Insessorial",205500.74,50,50,0,0,0,0,0,0,0,70,20,10,0,0
"Glaucidium_minutissimum",14.6,6.2,8.7,18.4,86.5,18.3,47.8,50,1,1,"Insessorial",1209018.27,60,20,20,0,0,0,0,0,0,90,10,0,0,0
"Glaucidium_mooreorum",10.8,6.4,9.3,12.6,82.2,4.8,49.2,51,1,1,"Insessorial",NA,50,30,10,0,10,0,0,0,0,80,10,10,0,0
"Glaucidium_nana",16.5,6,9.4,18.3,95.2,14.9,68.5,73.7,2,2,"Insessorial",656548.54,NA,NA,NA,NA,NA,NA,NA,NA,NA,NA,NA,NA,NA,NA
"Glaucidium_nubicola",14.8,8.2,9.6,16.9,92,7,44.5,77.5,1,1,"Insessorial",6915.65,50,0,0,0,50,0,0,0,0,90,10,0,0,0
"Glaucidium_palmarum",13.4,5.8,9.2,17.2,81.5,11.6,59.5,45.7,2,1,"Insessorial",226441.5,30,40,30,0,0,0,0,0,0,80,20,0,0,0
"Glaucidium_parkeri",14.3,6.8,9.3,19.9,93.9,22.1,49.3,61.4,1,1,"Insessorial",29014.24,40,30,30,0,0,0,0,0,0,90,10,0,0,0
"Glaucidium_passerinum",14.3,6.1,9.1,15.4,101.2,26.2,58.6,57.9,1,2,"Insessorial",11366077.56,0,100,0,0,0,0,0,0,0,60,20,20,0,0
"Glaucidium_perlatum",15,7.2,10.1,22.3,110.4,27.2,78.2,79.2,2,1,"Insessorial",11923401.87,60,30,10,0,0,0,0,0,0,70,10,20,0,0
"Glaucidium_peruanum",15.3,6.5,10.3,21.9,94.2,18.8,63.8,62.4,2,1,"Insessorial",334618.81,50,50,0,0,0,0,0,0,0,10,10,40,40,0
"Glaucidium_radiatum",16.9,7,10.5,24.5,123.2,33.2,65.4,101,2,1,"Insessorial",2186922.27,60,20,20,0,0,0,0,0,0,80,10,10,0,0
"Glaucidium_sanchezi",14.3,7.7,9.9,19.1,87.5,17.6,55.5,55,1,1,"Insessorial",27181.76,50,0,50,0,0,0,0,0,0,100,0,0,0,0
"Glaucidium_siju",15.1,6.2,9.2,21.3,97.2,22.8,62,69.5,1,1,"Insessorial",109364.76,60,20,20,0,0,0,0,0,0,90,10,0,0,0
"Glaucidium_sjostedti",21,9,13.1,27.2,158,36.8,90,139,1,1,"Insessorial",1369630.82,70,20,10,0,0,0,0,0,10,50,40,0,0,0
"Glaucidium_tephronotum",16,5.5,9.8,22.3,102.8,11.3,65,87.4,1,1,"Insessorial",2054685.26,80,20,0,0,0,0,0,0,0,20,30,30,20,0
"Glaucidium_tucumanum",14.5,8.3,10.2,20.4,95.1,17.3,65.1,57.5,2,1,"Insessorial",448119.82,NA,NA,NA,NA,NA,NA,NA,NA,NA,NA,NA,NA,NA,NA
"Gymnogyps_californianus",96.5,33.2,39,115.8,788,323.5,350.8,8442.7,3,1,"Terrestrial",101747.84,0,0,0,0,0,100,0,0,0,100,0,0,0,0
"Gypaetus_barbatus",78.2,20.8,28.1,103.6,760.6,370.2,468,5695,3,2,"Terrestrial",8369572.33,0,0,0,0,0,100,0,0,0,100,0,0,0,0
"Gypohierax_angolensis",57.5,14.1,23.3,77.3,419,127.3,196.8,1600,2,1,"Insessorial",9715580.32,10,0,10,10,0,0,60,0,20,20,0,30,30,0
"Gyps_africanus",61.3,20.5,30.5,95.7,578.4,225,224.6,5433,2,1,"Terrestrial",10465544.7,0,0,0,0,0,100,0,0,0,100,0,0,0,0
"Gyps_bengalensis",64.6,22.7,32.5,99.1,551.6,214,213.8,4385,3,1,"Terrestrial",3047965.15,0,0,0,0,0,100,0,0,0,100,0,0,0,0
"Gyps_coprotheres",81.2,24.9,36.5,104.2,687.2,252.2,269.4,8177,3,1,"Terrestrial",671208.3,0,0,0,0,0,100,0,0,0,100,0,0,0,0
"Gyps_fulvus",78.8,23.8,33.8,109.9,687.2,267.5,291.2,7436,3,1,"Terrestrial",3487541.03,0,0,0,0,0,100,0,0,0,100,0,0,0,0
"Gyps_himalayensis",82.5,23.5,34,115.6,759.8,269.5,339,9798,3,1,"Terrestrial",3859146.13,0,0,0,0,0,100,0,0,0,100,0,0,0,0
"Gyps_indicus",71.3,20.5,29.7,99.7,585.6,223,235.2,5515,3,1,"Terrestrial",1117987.16,0,0,0,0,0,100,0,0,0,100,0,0,0,0
"Gyps_rueppelli",77.9,23,32.5,105.7,627.8,236,235.8,7400,3,1,"Terrestrial",6445230.81,NA,NA,NA,NA,NA,NA,NA,NA,NA,NA,NA,NA,NA,NA
"Gyps_tenuirostris",75.6,20,29.1,104.1,592.2,220.5,217.2,5515,3,1,"Terrestrial",705181.48,0,0,0,0,0,100,0,0,0,100,0,0,0,0
"Haliaeetus_albicilla",74.1,22.9,33.9,95,599.5,227.2,294.2,4729.3,3,2,"Aerial",17404346.92,0,30,0,40,0,30,0,0,50,20,0,20,0,10
"Haliaeetus_leucocephalus",76,24,34.1,81.7,601.8,248.8,294,4700.6,3,3,"Generalist",9351853.96,0,30,20,30,0,20,0,0,40,30,0,10,10,10
"Haliaeetus_leucogaster",71.3,18.5,24.9,86,556.7,231.8,253.3,2827,2,1,"Aerial",5127370.7,0,40,20,20,0,20,0,30,40,30,0,0,0,0
"Haliaeetus_leucoryphus",63.6,19.3,28.3,95.3,566.6,241,290.3,2885.9,3,3,"Aerial",533825.64,0,10,10,60,0,20,0,40,50,10,0,0,0,0
"Haliaeetus_pelagicus",90.6,28.9,47,96.3,598.5,186.2,333.6,7757,3,3,"Generalist",1293649.63,0,0,0,60,0,40,0,0,80,20,0,0,0,0
"Haliaeetus_sanfordi",59.5,18.6,26.9,83,523.2,186.8,265,1980,2,1,"Generalist",36124.13,0,10,0,40,0,50,0,0,50,30,0,0,20,0
"Haliaeetus_vocifer",58.4,16.8,25.1,88.2,548.2,184.2,228,3400,2,1,"Insessorial",15637883.11,0,20,10,50,0,20,0,40,50,10,0,0,0,0
"Haliaeetus_vociferoides",57,16.6,25.1,93.3,487.2,156.2,236.8,3000,2,1,"Insessorial",52761.99,0,0,0,100,0,0,0,0,60,0,0,20,10,10
"Haliastur_indus",48.8,12.9,17,48.2,399.8,147,203.8,529,2,1,"Generalist",8840397.2,10,20,10,10,0,50,0,0,10,50,0,0,10,30
"Haliastur_sphenurus",40,13.1,18.2,58.8,407.4,186.2,264,753,2,1,"Aerial",5565646.93,10,10,10,10,0,60,0,0,0,100,0,0,0,0
"Hamirostra_melanosternon",40.1,12.7,16.3,53,472.6,244.5,233,1196,2,2,"Aerial",5297941.74,10,50,20,0,0,20,0,0,0,33,33,33,0,0
"Harpagus_bidentatus",23.7,11.3,13.5,43.1,210.3,64.6,161.1,215.3,2,1,"Insessorial",8976331.27,80,0,20,0,0,0,0,0,0,0,0,30,70,0
"Harpagus_diodon",23.2,10.7,13.5,34.2,201.4,62.5,158.6,200,2,3,"Insessorial",2345332.63,80,0,20,0,0,0,0,0,0,0,0,70,0,30
"Harpia_harpyja",70.8,17.2,36.4,102.4,569.5,262.7,442,4800,1,1,"Insessorial",11064295.35,0,80,20,0,0,0,0,0,0,10,10,40,40,0
"Harpyopsis_novaeguineae",60,18.2,33.2,133.8,426.2,72.2,377,1959.6,1,1,"Insessorial",730591.98,0,80,20,0,0,0,0,0,0,40,10,10,30,10
"Helicolestes_hamatus",34.8,10.9,11.6,46,290.3,64.5,125.5,425.5,2,1,"Insessorial",2374863.31,100,0,0,0,0,0,0,0,0,100,0,0,0,0
"Henicopernis_infuscatus",30.8,10.1,15.3,41.4,337,127,253,571.2,2,1,"Generalist",33424.21,50,0,50,0,0,0,0,0,0,0,0,30,70,0
"Henicopernis_longicauda",31.7,11.2,14.3,50.4,394.6,157.2,301.4,571.2,2,1,"Generalist",750041.01,60,20,20,0,0,0,0,0,0,0,0,30,70,0
"Herpetotheres_cachinnans",33.2,12.6,20.7,58.9,272.4,51,219,623.6,2,1,"Insessorial",13330796.59,0,0,0,0,100,0,0,0,0,33,33,33,0,0
"Heteroglaux_blewitti",NA,NA,NA,NA,NA,NA,NA,NA,NA,NA,NA,NA,30,40,30,0,0,0,0,0,0,70,10,20,0,0
"Hieraaetus_ayresii",33.5,11.7,17.8,68.2,383.5,130,210,806.1,3,1,"Aerial",5863148.99,0,100,0,0,0,0,0,0,0,0,0,33,33,33
"Hieraaetus_morphnoides",35.7,10.9,18.1,54.5,364.8,161.2,205.2,775.1,2,1,"Generalist",7265023.22,10,40,40,0,0,10,0,0,0,70,0,10,10,10
"Hieraaetus_pennatus",33.8,10.1,17,65.3,361.8,151.3,198,823.8,1,3,"Generalist",6138248.03,10,90,0,0,0,0,0,0,0,100,0,0,0,0
"Hieraaetus_wahlbergi",39.3,12.1,17.4,71.1,413.8,174.8,216.8,640,2,1,"Insessorial",9578321.34,NA,NA,NA,NA,NA,NA,NA,NA,NA,NA,NA,NA,NA,NA
"Hieraaetus_weiskei",30.4,10,17,55,337,111.5,172,775.1,1,1,"Generalist",665554.04,10,40,40,0,0,10,0,0,0,70,0,10,10,10
"Ibycter_americanus",40.2,13.6,16.7,50.1,359.8,92.2,253.8,624,1,1,"Insessorial",8087193.54,100,0,0,0,0,0,0,0,0,10,20,50,20,0
"Icthyophaga_humilis",49.5,13.6,18.6,63,353.2,116.3,182.8,782,3,1,"Insessorial",2763882.32,NA,NA,NA,NA,NA,NA,NA,NA,NA,NA,NA,NA,NA,NA
"Icthyophaga_ichthyaetus",66.1,16.8,25.7,81.7,471.2,134.6,268.8,1590,3,1,"Insessorial",3707887.55,NA,NA,NA,NA,NA,NA,NA,NA,NA,NA,NA,NA,NA,NA
"Ictinaetus_malaiensis",51.5,13.7,18.6,68.7,552.8,240.5,314.4,1028,1,1,"Aerial",3231811.39,NA,NA,NA,NA,NA,NA,NA,NA,NA,NA,NA,NA,NA,NA
"Ictinia_mississippiensis",23,11,12.3,37,291.8,156.5,150.2,276,2,3,"Generalist",824795.96,90,0,0,0,10,0,0,0,0,10,10,10,10,60
"Ictinia_plumbea",23.9,10.8,13.4,33.2,285.6,117.8,134.8,249.9,2,1,"Generalist",12719722.18,90,0,10,0,0,0,0,0,0,0,0,0,20,80
"Jubula_lettii",27.8,8.9,13,35.7,265,69.9,158.1,183,1,1,"Insessorial",2256025.42,90,0,0,0,0,0,0,0,0,60,20,20,0,0
"Kaupifalco_monogrammicus",29.3,10.1,12.8,53.1,217.4,70.4,142.6,278.9,3,1,"Insessorial",13079368.52,60,10,30,0,0,0,0,0,0,60,20,20,0,0
"Ketupa_flavipes",48.8,16.5,22.7,78.4,432.8,110.3,206.8,2315,2,1,"Insessorial",2648554.3,20,20,0,60,0,0,0,0,70,30,0,0,0,0
"Ketupa_ketupu",50.3,14.2,21.4,64.6,335.2,72.2,146.2,1293,2,1,"Insessorial",2556769.49,10,10,20,60,0,0,0,0,90,10,0,0,0,0
"Ketupa_zeylonensis",49.7,16.9,23.8,71.2,381.1,108.2,187.5,1105,2,1,"Insessorial",5475867.52,30,10,20,40,0,0,0,0,80,20,0,0,0,0
"Leptodon_cayanensis",33.9,11.5,16,38.5,302.8,57,221.8,474,2,1,"Insessorial",12071802.08,50,20,30,0,0,0,0,0,0,0,50,50,0,0
"Leptodon_forbesi",36.2,12.2,17.4,43.1,316.2,89.4,233.4,577,2,1,"Insessorial",52831.24,50,20,30,0,0,0,0,0,0,0,50,50,0,0
"Leucopternis_kuhli",30.4,11.4,15,56.2,207.6,54.5,148.6,352.1,1,1,"Insessorial",2375316.62,0,0,100,0,0,0,0,0,0,20,60,20,0,0
"Leucopternis_melanops",29.6,11.1,15.3,56.5,210.8,60.5,130,312,1,1,"Insessorial",2570861.92,0,0,100,0,0,0,0,0,0,50,20,30,0,0
"Leucopternis_semiplumbeus",28.8,9.7,14.9,53.8,191,47.7,123.8,285,1,1,"Insessorial",236308.06,10,10,80,0,0,0,0,0,0,100,0,0,0,0
"Lophaetus_occipitalis",46.6,11.1,17.4,93.3,373.6,116.1,201.4,1067,2,1,"Insessorial",14031980.87,10,60,20,10,0,0,0,0,0,100,0,0,0,0
"Lophoictinia_isura",45.2,15.1,18.6,71.6,471.2,227,224.2,579.4,2,1,"Aerial",1100971,20,60,20,0,0,0,0,0,0,0,50,50,0,0
"Lophostrix_cristata",34.3,10.1,16.2,46,309.6,56.6,183.2,538.7,1,1,"Insessorial",5025098.51,90,0,0,0,10,0,0,0,0,20,30,30,20,0
"Lophotriorchis_kienerii",46.1,11.9,17.2,53.5,366.2,127.6,216.3,799,2,1,"Aerial",3758691.08,0,100,0,0,0,0,0,0,0,50,20,10,10,10
"Macheiramphus_alcinus",45.1,9,12.7,54.2,360.2,179,189.8,650,2,1,"Aerial",13573105.09,20,40,40,0,0,0,0,0,0,0,33,33,33,0
"Margarobyas_lawrencii",20,6.5,10.8,33.5,143.8,36.3,76.8,95.2,2,1,"Insessorial",109791.53,NA,NA,NA,NA,NA,NA,NA,NA,NA,NA,NA,NA,NA,NA
"Megascops_albogularis",22.7,7.7,11.4,34.6,196.2,48.5,111,159,1,1,"Insessorial",244881.91,90,0,0,0,10,0,0,0,0,0,0,10,90,0
"Megascops_asio",22,6.4,11.8,35.5,168.5,48.4,77.5,180,2,1,"Insessorial",4938942.17,50,0,0,0,50,0,0,0,10,70,10,10,0,0
"Megascops_atricapilla",21.9,7.6,11.3,33.5,171,42.7,95.5,118.9,1,1,"Insessorial",990012.51,90,0,0,0,10,0,0,0,0,10,10,20,60,0
"Megascops_barbarus",17.7,6.6,9.7,26,136,39.5,65.7,69,1,1,"Insessorial",18360.29,100,0,0,0,0,0,0,0,0,40,20,20,20,0
"Megascops_choliba",21.8,7,11.7,30,162.8,33.6,91.3,132,2,1,"Insessorial",13065137.78,90,0,0,0,10,0,0,0,0,40,50,0,0,10
"Megascops_clarkii",22.2,8.1,11.3,38.9,180.8,48.8,90,158.5,1,1,"Insessorial",9927.9,90,10,0,0,0,0,0,0,0,30,30,30,10,0
"Megascops_colombianus",24.5,7,12.7,38,195.5,56.7,99.1,153,1,1,"Insessorial",13694.16,50,0,0,0,50,0,0,0,0,0,0,80,20,0
"Megascops_cooperi",23.8,8.5,12.2,38.7,175.5,43,81,149.9,2,1,"Insessorial",78738.89,80,20,0,0,0,0,0,0,0,60,30,10,0,0
"Megascops_guatemalae",23.8,6.5,10.4,26.1,157,45.2,77.2,118,1,1,"Insessorial",660793.49,90,0,0,0,10,0,0,0,0,30,20,20,30,0
"Megascops_hoyi",22.2,7.7,11.4,31.8,170.7,46.9,90.8,110,1,1,"Insessorial",54416.26,100,0,0,0,0,0,0,0,0,30,20,20,30,0
"Megascops_ingens",24.3,7.6,11.3,34.8,194.3,52.8,100.7,165.3,1,1,"Insessorial",171538.44,100,0,0,0,0,0,0,0,0,0,0,50,50,0
"Megascops_kennicottii",24.4,6.8,12.7,39.9,176.8,47.9,85.2,141.8,2,1,"Insessorial",3582764.44,50,40,10,0,0,0,0,0,0,40,50,10,0,0
"Megascops_koepckeae",21.6,7.6,11.1,35.2,171.2,42.4,89.5,116.9,2,1,"Insessorial",160334.46,100,0,0,0,0,0,0,0,0,40,50,0,0,10
"Megascops_marshalli",21.2,6.4,9.8,32.2,162.2,42,83.1,110,1,1,"Insessorial",24727.09,90,10,0,0,0,0,0,0,0,0,0,30,70,0
"Megascops_nudipes",22.5,7.9,11.4,38.4,165.6,34.6,92.4,137.3,2,1,"Insessorial",9247.43,90,0,0,0,10,0,0,0,0,50,50,0,0,0
"Megascops_petersoni",20.1,6.9,10.8,31.8,161.2,34.4,88.8,97.5,1,1,"Insessorial",18835.64,90,0,0,0,10,0,0,0,0,0,0,80,20,0
"Megascops_roboratus",22.6,6.7,10.9,36.3,164.8,41.9,86.3,126.7,2,1,"Insessorial",79303.5,100,0,0,0,0,0,0,0,0,40,50,0,0,10
"Megascops_sanctaecatarinae",19.4,7.3,11.7,30.1,200.7,37.6,102.3,179.7,2,1,"Insessorial",418281.17,50,0,0,0,50,0,0,0,0,50,50,0,0,0
"Megascops_seductus",23.6,7.8,12.4,41,173.9,45.9,92.8,160,2,1,"Insessorial",90735.21,50,0,0,0,50,0,0,0,0,40,50,10,0,0
"Megascops_trichopsis",19.7,5.1,10.1,24.9,148.8,36,77.2,88.3,1,1,"Insessorial",660977.77,100,0,0,0,0,0,0,0,0,10,20,50,10,10
"Megascops_vermiculatus",20.9,7.4,11.5,28.9,159.1,41,79.7,118,1,1,"Insessorial",429930.99,NA,NA,NA,NA,NA,NA,NA,NA,NA,NA,NA,NA,NA,NA
"Megascops_watsonii",23.2,8.2,13.3,34.2,165.6,43,90.6,129,1,1,"Insessorial",6312593.48,90,0,0,0,10,0,0,0,0,20,50,30,0,0
"Megatriorchis_doriae",35.1,11.6,16.7,80,290.5,75.6,257.5,1000,1,1,"Insessorial",599836.92,0,100,0,0,0,0,0,0,0,0,0,20,60,20
"Melierax_canorus",33.5,11.1,23.8,100.6,353,141.5,230,663.3,3,1,"Generalist",2246754.63,10,40,40,0,0,10,0,0,0,80,10,10,0,0
"Melierax_metabates",32.5,11,17.5,85.6,317.6,111.8,216,674.5,2,1,"Insessorial",12484209.96,10,20,60,0,0,10,0,0,0,60,20,20,0,0
"Melierax_poliopterus",33.3,12.1,23.6,88.4,305.8,113.7,203.6,629.9,2,1,"Insessorial",2071175.93,10,10,80,0,0,0,0,0,0,80,10,10,0,0
"Micrastur_buckleyi",26,8.7,14.7,65.3,211,36.7,229.5,464,1,1,"Insessorial",619557.03,0,0,0,0,100,0,0,0,0,0,33,33,33,0
"Micrastur_gilvicollis",24.1,8.8,13,60.4,184.8,39.4,152.2,209,1,1,"Insessorial",4251681.56,40,20,40,0,0,0,0,0,0,10,50,40,0,0
"Micrastur_mintoni",24.4,9.2,13.4,57,187.6,40.9,154.9,209.5,1,1,"Insessorial",1882575.73,50,0,0,0,50,0,0,0,0,0,100,0,0,0
"Micrastur_mirandollei",31.9,11.2,17.9,73.2,232,40.6,199.9,549,1,1,"Insessorial",5269885.69,0,100,0,0,0,0,0,0,0,0,50,50,0,0
"Micrastur_plumbeus",23.8,8.7,13.1,61.9,173,26.7,125.3,185.4,1,1,"Insessorial",61914.79,50,0,50,0,0,0,0,0,0,100,0,0,0,0
"Micrastur_ruficollis",21.4,8.2,12.2,58.4,167.1,35.9,166.6,177.6,1,1,"Generalist",12486169.39,0,20,80,0,0,0,0,0,0,40,30,30,0,0
"Micrastur_semitorquatus",32,10.8,18.7,82.7,267.7,53.4,279.8,621.7,1,1,"Generalist",13182553.54,0,80,20,0,0,0,0,0,0,50,30,20,0,0
"Micrathene_whitneyi",12.9,5.2,7.4,20.1,108.2,32.5,47,41,2,3,"Insessorial",643111.79,100,0,0,0,0,0,0,0,0,40,40,20,0,0
"Microhierax_caerulescens",14.4,8,9.1,21.7,102,39.7,60.8,38.7,2,1,"Insessorial",1206450.7,60,20,20,0,0,0,0,0,0,0,0,33,33,33
"Microhierax_erythrogenys",15.5,7.9,10.6,21.6,106.6,41.9,59.6,50,2,1,"Insessorial",253762.69,90,0,10,0,0,0,0,0,0,0,0,33,33,33
"Microhierax_fringillarius",13.5,7.2,8.3,19,91.6,36.4,51.2,42.9,2,1,"Insessorial",1402352.92,70,20,10,0,0,0,0,0,0,0,20,60,20,0
"Microhierax_latifrons",19.5,6.8,9.7,20.6,96.8,37.9,52.8,41.2,2,1,"Insessorial",60479.23,80,20,0,0,0,0,0,0,0,0,20,60,20,0
"Microhierax_melanoleucos",15.2,8.7,10.2,24.3,111.4,45.3,69.8,64.2,2,1,"Insessorial",2360698.64,60,30,10,0,0,0,0,0,0,40,20,20,0,20
"Micronisus_gabar",20.2,7.8,11,47.2,187,64.6,147.5,169.6,3,2,"Insessorial",13910595.47,NA,NA,NA,NA,NA,NA,NA,NA,NA,NA,NA,NA,NA,NA
"Milvago_chimachima",30.5,11.3,14.5,49.4,285.9,85.5,198.4,315.2,3,1,"Terrestrial",13624390.7,20,10,20,20,0,20,10,0,0,100,0,0,0,0
"Milvus_migrans",40,13,17.4,51.4,457.4,219.9,269.5,734.1,3,3,"Aerial",59168603.49,0,10,10,10,0,70,0,0,20,60,0,0,0,20
"Milvus_milvus",40.2,13.2,18.7,52.9,481.5,241.6,317.3,1071.8,2,2,"Generalist",1698401.57,0,30,0,0,0,70,0,0,0,100,0,0,0,0
"Morphnarchus_princeps",43.5,13.8,20.4,86.5,364.7,107.4,192.7,1000,1,1,"Insessorial",113390.9,NA,NA,NA,NA,NA,NA,NA,NA,NA,NA,NA,NA,NA,NA
"Morphnus_guianensis",48.4,14.6,22.8,85.3,464.8,107.1,372.8,1750,1,1,"Generalist",11702782.03,0,60,40,0,0,0,0,0,0,0,0,33,33,33
"Necrosyrtes_monachus",63.9,13.6,15.2,78.7,471.4,181.5,223,2043,2,1,"Terrestrial",10764077.19,20,0,0,0,0,80,0,0,0,100,0,0,0,0
"Neophron_percnopterus",61.7,10.4,13.5,77.2,490.8,236,247.2,2082,3,3,"Generalist",14111672.38,10,20,0,10,0,60,0,0,0,100,0,0,0,0
"Nesasio_solomonensis",45.9,13.5,22.1,58.4,263.4,60.3,123.8,1155,1,1,"Insessorial",13115.12,0,100,0,0,0,0,0,0,0,10,10,70,10,0
"Ninox_affinis",22.5,8.2,12.8,30.1,190.8,66.1,116.2,146,1,1,"Insessorial",5655.23,100,0,0,0,0,0,0,0,0,20,20,20,20,20
"Ninox_boobook",26.2,7.7,13.2,40.6,226.5,70.4,143,282.2,2,2,"Insessorial",7695657.77,60,20,20,0,0,0,0,0,0,20,20,30,30,0
"Ninox_burhani",23.4,6.9,11.2,27.9,188.5,43.9,100,99,1,1,"Insessorial",435.6,70,20,0,0,10,0,0,0,0,30,20,20,20,10
"Ninox_connivens",33.8,11.9,18.5,49.2,298.6,107,178.7,578,2,1,"Insessorial",2759461.25,20,80,0,0,0,0,0,0,0,20,20,20,20,20
"Ninox_forbesi",26.1,8.4,13.1,25.7,193.6,56.1,113.4,210,1,1,"Insessorial",4268.15,NA,NA,NA,NA,NA,NA,NA,NA,NA,NA,NA,NA,NA,NA
"Ninox_granti",27,9.5,14.6,34.7,174.9,48,86,200.8,1,1,"Insessorial",5477.09,NA,NA,NA,NA,NA,NA,NA,NA,NA,NA,NA,NA,NA,NA
"Ninox_hantu",25.9,8.4,12.5,29.1,193.1,57.9,117.9,210,1,1,"Insessorial",8411.24,NA,NA,NA,NA,NA,NA,NA,NA,NA,NA,NA,NA,NA,NA
"Ninox_hypogramma",29.2,9.8,14.8,36.4,220,71,124.7,210,1,1,"Insessorial",20104.79,NA,NA,NA,NA,NA,NA,NA,NA,NA,NA,NA,NA,NA,NA
"Ninox_ios",23.4,6.9,11.2,27.9,188.5,43.9,100,86,1,1,"Insessorial",3684.39,70,20,0,0,10,0,0,0,0,30,20,20,20,10
"Ninox_jacquinoti",27.9,10.1,14.9,40.1,188,42.1,93,200.8,1,1,"Insessorial",17230.73,80,0,0,0,20,0,0,0,0,60,20,20,0,0
"Ninox_japonica",21.2,5.8,9.7,27,214.5,87,117.3,225,1,3,"Insessorial",4144348.68,NA,NA,NA,NA,NA,NA,NA,NA,NA,NA,NA,NA,NA,NA
"Ninox_leucopsis",24.5,7.5,13.2,36.3,206.6,66.1,113.3,190,1,2,"Insessorial",68056.97,NA,NA,NA,NA,NA,NA,NA,NA,NA,NA,NA,NA,NA,NA
"Ninox_leventisi",21.3,6.2,11.4,30.7,163.8,44.8,72.9,127.9,1,1,"Insessorial",252.94,NA,NA,NA,NA,NA,NA,NA,NA,NA,NA,NA,NA,NA,NA
"Ninox_malaitae",24.7,9.5,13.6,30.3,157,41.5,87.5,200.8,1,1,"Insessorial",4355.47,NA,NA,NA,NA,NA,NA,NA,NA,NA,NA,NA,NA,NA,NA
"Ninox_meeki",27.1,10.6,16,43.2,236,69.6,131,265,1,1,"Insessorial",1830.14,70,20,0,0,10,0,0,0,0,60,10,20,0,10
"Ninox_mindorensis",20.9,6.3,10.5,27.2,159.8,46.1,83.6,113,1,1,"Insessorial",9854.29,NA,NA,NA,NA,NA,NA,NA,NA,NA,NA,NA,NA,NA,NA
"Ninox_natalis",25.8,8.1,12.8,39.2,189.8,49.8,115.5,184,1,1,"Insessorial",137.18,80,10,10,0,0,0,0,0,0,20,20,20,20,20
"Ninox_novaeseelandiae",22.8,7.8,12.3,32.5,194.2,64.2,118.5,183.4,1,2,"Insessorial",269367.33,70,20,10,0,0,0,0,0,0,30,20,20,20,10
"Ninox_obscura",23.5,8.8,12.8,28.8,212.5,78.8,122.2,191,1,3,"Insessorial",5202.99,NA,NA,NA,NA,NA,NA,NA,NA,NA,NA,NA,NA,NA,NA
"Ninox_ochracea",23.4,6.9,11.2,27.9,188.5,43.9,100,99,1,1,"Insessorial",94118.1,70,20,0,0,10,0,0,0,0,70,20,10,0,0
"Ninox_odiosa",25.1,9.8,14.9,32.1,182,43.1,89,209,1,2,"Insessorial",33162.44,50,0,0,0,50,0,0,0,0,70,20,10,0,0
"Ninox_philippensis",21.3,6.2,11.4,30.7,163.8,44.8,72.9,127.9,1,1,"Insessorial",160922.43,50,50,0,0,0,0,0,0,0,70,20,10,0,0
"Ninox_punctulata",24.8,11,15.1,37.5,159,41.5,69.8,151,1,1,"Insessorial",152203.91,70,20,0,0,10,0,0,0,0,20,20,20,20,20
"Ninox_randi",26.4,7.7,13.5,29.8,226,82.9,114,202,1,3,"Insessorial",226955.05,NA,NA,NA,NA,NA,NA,NA,NA,NA,NA,NA,NA,NA,NA
"Ninox_reyi",24.5,5,12.8,35.8,184.4,43.7,101.8,127.9,1,1,"Insessorial",1788.15,NA,NA,NA,NA,NA,NA,NA,NA,NA,NA,NA,NA,NA,NA
"Ninox_roseoaxillaris",25.5,9.6,14.3,28,148.2,37.6,72.1,200.8,1,1,"Insessorial",3331.79,NA,NA,NA,NA,NA,NA,NA,NA,NA,NA,NA,NA,NA,NA
"Ninox_rudolfi",28.1,8.1,14.9,43.2,233,65.5,141.5,222,1,1,"Insessorial",10704.53,70,0,0,0,30,0,0,0,0,20,20,20,20,20
"Ninox_rufa",38.5,13.8,22.2,47.2,327.2,91.8,200,931.7,1,2,"Insessorial",824417.84,30,70,0,0,0,0,0,0,0,30,30,30,10,0
"Ninox_rumseyi",21.3,6.2,11.4,30.7,163.8,44.8,72.9,127.9,1,1,"Insessorial",4442.79,NA,NA,NA,NA,NA,NA,NA,NA,NA,NA,NA,NA,NA,NA
"Ninox_scutulata",28.2,7.2,12.2,22,181.5,53.1,99.2,191,1,3,"Insessorial",5210706.2,60,20,20,0,0,0,0,0,0,30,0,20,20,30
"Ninox_spilocephala",24.5,8.6,12.2,27.5,177.5,55,82.1,137,1,1,"Insessorial",96776.28,NA,NA,NA,NA,NA,NA,NA,NA,NA,NA,NA,NA,NA,NA
"Ninox_spilonotus",25.4,6.2,11.4,30.7,189.4,44.8,106.2,178,1,1,"Insessorial",1145.01,NA,NA,NA,NA,NA,NA,NA,NA,NA,NA,NA,NA,NA,NA
"Ninox_squamipila",28.1,9.3,14.1,35.1,212,64,119.2,210,1,1,"Insessorial",18242.6,100,0,0,0,0,0,0,0,0,10,10,40,40,0
"Ninox_strenua",48,15.9,26.1,57.5,400.8,116.8,261.7,1346,2,2,"Insessorial",573814.15,0,100,0,0,0,0,0,0,0,20,20,30,30,0
"Ninox_sumbaensis",23.4,6.9,11.2,27.9,188.5,43.9,100,90,1,1,"Insessorial",2933.17,70,20,0,0,10,0,0,0,0,30,20,20,20,10
"Ninox_theomacha",21.8,7.8,12,33.5,178.8,49.6,95,125,1,1,"Insessorial",596413.95,100,0,0,0,0,0,0,0,0,20,20,20,20,20
"Ninox_variegata",26.8,8.8,14.4,39.2,208,57.6,130,179,1,1,"Insessorial",7756.1,100,0,0,0,0,0,0,0,0,20,20,20,20,20
"Nisaetus_alboniger",48,12.9,20.3,77.1,325.2,82,239.5,830,1,1,"Insessorial",800448.35,0,80,20,0,0,0,0,0,0,0,0,70,30,0
"Nisaetus_bartelsi",42.7,14,21.3,100.3,378,83.4,228.4,830,1,1,"Insessorial",14421.49,0,80,20,0,0,0,0,0,0,60,20,20,0,0
"Nisaetus_cirrhatus",49.9,12.6,21.7,97.7,414.6,115.8,289.8,1475.1,1,1,"Insessorial",4408300.11,0,50,50,0,0,0,0,0,0,50,20,30,0,0
"Nisaetus_floris",41.7,12.8,21.6,113.9,436.7,115.9,229.3,1475.1,2,1,"Insessorial",34986.16,0,50,50,0,0,0,0,0,0,50,20,30,0,0
"Nisaetus_lanceolatus",39.3,12.8,21.6,90.5,373,90.5,261.8,1168,1,1,"Insessorial",183391.82,0,80,20,0,0,0,0,0,0,60,20,20,0,0
"Nisaetus_nanus",44.2,11.3,17.3,75.5,312.7,79.8,240.8,557.8,1,1,"Insessorial",1094809.57,0,80,20,0,0,0,0,0,0,40,20,20,20,0
"Nisaetus_nipalensis",44.2,13.1,23.5,101.2,423.7,107,286.4,3005,1,1,"Insessorial",2149247.14,0,80,20,0,0,0,0,0,0,100,0,0,0,0
"Nisaetus_philippensis",38.9,12.2,20.5,92,355.2,93.8,253.4,1168,1,1,"Insessorial",114925.31,0,100,0,0,0,0,0,0,0,60,20,20,0,0
"Nisaetus_pinskeri",43.2,12.9,20.9,89.7,349,73.1,248,1168,1,1,"Insessorial",132366.04,NA,NA,NA,NA,NA,NA,NA,NA,NA,NA,NA,NA,NA,NA
"Otus_alfredi",20.5,6.7,9.4,23.9,152.1,45.8,75.6,67.5,1,1,"Insessorial",498.38,90,10,0,0,0,0,0,0,0,10,30,60,0,0
"Otus_alius",21.9,5.1,10,22.9,135,40.9,89,95,2,1,"Insessorial",998.3,50,0,50,0,0,0,0,0,0,40,20,20,20,0
"Otus_angelinae",24.3,7.1,12.9,31.7,163.8,41.5,77.5,82.2,1,1,"Insessorial",16745.86,90,0,10,0,0,0,0,0,0,20,40,40,0,0
"Otus_bakkamoena",20.5,6.2,10.9,30.5,146.2,40.2,75,138.5,1,1,"Insessorial",2947848.96,80,10,10,0,0,0,0,0,0,40,40,20,0,0
"Otus_balli",19.8,5.5,9.8,25,137.3,36.3,77.7,67.5,2,1,"Insessorial",5825.33,100,0,0,0,0,0,0,0,0,10,30,60,0,0
"Otus_beccarii",18.8,5.2,10.1,27.2,151.8,48.8,77.9,114,1,1,"Insessorial",2524.27,100,0,0,0,0,0,0,0,0,40,20,20,20,0
"Otus_brookii",24.3,7.1,12.9,31.7,163.8,41.5,77.5,139,1,1,"Insessorial",38843.48,100,0,0,0,0,0,0,0,0,40,40,20,0,0
"Otus_brucei",17.2,5.1,9,31.3,159,53,78.2,84.4,2,2,"Insessorial",1459194.93,70,20,10,0,0,0,0,0,0,50,20,10,10,10
"Otus_capnodes",22.4,8.9,12.4,33.5,163,39.1,83.2,119,1,1,"Insessorial",271.7,100,0,0,0,0,0,0,0,0,60,20,10,10,0
"Otus_collari",19.6,5.9,9.6,21.3,156.2,31.4,79.2,81.9,1,1,"Insessorial",556.53,90,10,0,0,0,0,0,0,0,40,20,20,20,0
"Otus_elegans",20.3,6.2,11,28,169,58.7,74.7,124,1,1,"Insessorial",4014.39,80,20,0,0,0,0,0,0,0,80,10,10,0,0
"Otus_enganensis",24.1,6,10.9,27.2,157.4,48.5,72,104.9,1,1,"Insessorial",400.8,100,0,0,0,0,0,0,0,0,40,20,20,20,0
"Otus_everetti",25.4,6.5,11.6,33.6,164,36.5,51.4,125,1,1,"Insessorial",119572.02,NA,NA,NA,NA,NA,NA,NA,NA,NA,NA,NA,NA,NA,NA
"Otus_feae",17.6,6.9,9.8,25.7,128.5,30.8,62,67,2,1,"Insessorial",14.7,NA,NA,NA,NA,NA,NA,NA,NA,NA,NA,NA,NA,NA,NA
"Otus_fuliginosus",22.4,7.3,11.8,27.2,140.9,32.3,72.2,92,1,1,"Insessorial",8606.99,100,0,0,0,0,0,0,0,0,40,40,20,0,0
"Otus_gurneyi",34.1,10.1,18.8,47.1,240.4,49.4,113.6,370,1,1,"Insessorial",108097.9,NA,NA,NA,NA,NA,NA,NA,NA,NA,NA,NA,NA,NA,NA
"Otus_hartlaubi",19.8,5.1,10.7,29.1,153.4,40.5,81.6,79,1,1,"Insessorial",388.97,90,0,10,0,0,0,0,0,0,10,40,40,10,0
"Otus_icterorhynchus",18.6,5.1,9.4,22,128.8,29.2,75.6,73.3,1,1,"Insessorial",670799.02,100,0,0,0,0,0,0,0,0,20,40,40,0,0
"Otus_insularis",24.3,7.3,13.9,33.8,162.3,48,74.7,144,1,1,"Insessorial",38.38,50,0,50,0,0,0,0,0,0,40,20,20,20,0
"Otus_ireneae",14,4.5,7.3,22.1,113.3,22.9,55.7,50.3,1,1,"Insessorial",634.79,100,0,0,0,0,0,0,0,0,20,40,40,0,0
"Otus_jolandae",21,7.8,10.1,29.3,150,43.2,74,165,1,1,"Insessorial",2121.08,NA,NA,NA,NA,NA,NA,NA,NA,NA,NA,NA,NA,NA,NA
"Otus_lempiji",25.3,6.9,11.4,27.4,144.7,33.1,69.1,115,2,1,"Insessorial",1486775.34,90,10,0,0,0,0,0,0,0,60,40,0,0,0
"Otus_lettia",21.2,6.6,10.6,33.8,155.8,39.8,81.2,139,2,1,"Insessorial",4204562.9,80,10,10,0,0,0,0,0,0,40,40,20,0,0
"Otus_longicornis",19.1,4.8,11.4,30.2,143,44,72,82.9,1,1,"Insessorial",19826.2,100,0,0,0,0,0,0,0,0,60,40,0,0,0
"Otus_magicus",21.8,7,11.8,34.4,160,48.5,76.9,165,1,1,"Insessorial",84167.62,90,0,0,0,10,0,0,0,0,40,20,20,20,0
"Otus_manadensis",18.8,5.2,10.1,27.2,151.8,48.8,77.9,88,1,1,"Insessorial",178034.37,100,0,0,0,0,0,0,0,0,40,20,20,20,0
"Otus_mantananensis",21.7,6.4,10.8,33.1,156.5,45.1,74.3,106,1,1,"Insessorial",1849.02,100,0,0,0,0,0,0,0,0,40,20,20,20,0
"Otus_mayottensis",24.6,6.6,12.3,32.8,166.7,47,83.7,101,1,1,"Insessorial",370.97,90,0,0,0,10,0,0,0,0,10,40,40,10,0
"Otus_megalotis",24.6,8.4,13.5,40.5,179.2,38.9,85.7,178.4,1,1,"Insessorial",106380.23,100,0,0,0,0,0,0,0,0,40,40,20,0,0
"Otus_mendeni",18.8,5.2,10.1,27.2,151.8,48.8,77.9,88,1,1,"Insessorial",2349.32,NA,NA,NA,NA,NA,NA,NA,NA,NA,NA,NA,NA,NA,NA
"Otus_mentawi",22.3,7.6,11.3,31.7,160,44.7,73,104.9,1,1,"Insessorial",6119.87,100,0,0,0,0,0,0,0,0,20,40,40,0,0
"Otus_mindorensis",17.1,6,10.3,24.9,131,34.8,58,106,1,1,"Insessorial",959.24,100,0,0,0,0,0,0,0,0,60,40,0,0,0
"Otus_mirus",19.1,4.8,11.4,30.2,143,44,72,61.3,1,1,"Insessorial",1658.12,90,10,0,0,0,0,0,0,0,60,40,0,0,0
"Otus_moheliensis",24.1,6.2,11,40.9,166,46.3,31.4,105,1,1,"Insessorial",207.24,100,0,0,0,0,0,0,0,0,60,20,10,10,0
"Otus_nigrorum",21,6.6,11.5,34.2,143.8,34.3,63.2,99,1,1,"Insessorial",24351.81,NA,NA,NA,NA,NA,NA,NA,NA,NA,NA,NA,NA,NA,NA
"Otus_pamelae",19.1,6,9.1,28,123.2,33.2,57,66.5,2,1,"Insessorial",203556.86,NA,NA,NA,NA,NA,NA,NA,NA,NA,NA,NA,NA,NA,NA
"Otus_pauliani",29.4,6,10.3,24.8,137,32.3,81.4,69.5,1,1,"Insessorial",174.34,100,0,0,0,0,0,0,0,0,60,20,10,10,0
"Otus_pembaensis",20.8,6,11.3,26.8,144.8,42.2,74.8,67,1,1,"Insessorial",970.44,100,0,0,0,0,0,0,0,0,60,20,10,10,0
"Otus_rufescens",25.3,6.5,10.6,21.8,124.2,30.4,61,76.5,1,1,"Insessorial",887256.44,90,10,0,0,0,0,0,0,0,20,40,40,0,0
"Otus_rutilus",19.8,5.1,10.7,29.1,153.4,40.5,81.6,101,1,1,"Insessorial",590836.08,90,0,0,0,10,0,0,0,0,10,40,40,10,0
"Otus_sagittatus",23.2,7.6,12,32.2,178,45.8,111.2,122.6,1,1,"Insessorial",148393.3,90,10,0,0,0,0,0,0,0,20,40,40,0,0
"Otus_scops",17.4,4.8,8.6,26.6,147.2,51,65.5,92,2,3,"Insessorial",8778464.51,80,10,10,0,0,0,0,0,0,80,10,10,0,0
"Otus_semitorques",22.3,6.9,12.1,37.2,178.4,56.2,89.6,121.5,1,2,"Insessorial",1982105.07,70,20,10,0,0,0,0,0,0,40,40,20,0,0
"Otus_senegalensis",17.7,5.1,9.2,24.3,132,34.8,61,67,2,1,"Insessorial",13485667.89,90,0,10,0,0,0,0,0,0,80,10,10,0,0
"Otus_siaoensis",18.8,5.2,10.1,27.2,151.8,48.8,77.9,165,1,1,"Insessorial",115.19,90,0,0,0,10,0,0,0,0,40,20,20,20,0
"Otus_silvicola",29.9,10.6,12.9,37.8,216,49.7,100,212,1,1,"Insessorial",28274.7,90,10,0,0,0,0,0,0,0,40,40,20,0,0
"Otus_socotranus",19.2,5.8,10.1,25.4,126.5,31.8,58.8,67,2,1,"Insessorial",3622.4,NA,NA,NA,NA,NA,NA,NA,NA,NA,NA,NA,NA,NA,NA
"Otus_spilocephalus",17.9,5.1,9.2,28.4,140.4,35.8,76.8,67.5,1,1,"Insessorial",3350281.15,80,20,0,0,0,0,0,0,0,40,50,10,0,0
"Otus_sulaensis",22.7,5.2,10.1,27.2,157.5,48.8,78,88,1,1,"Insessorial",4678.07,NA,NA,NA,NA,NA,NA,NA,NA,NA,NA,NA,NA,NA,NA
"Otus_sunia",18.4,5.8,8.8,23.9,142.5,42.8,62,78.1,1,1,"Insessorial",7325311.2,80,10,10,0,0,0,0,0,0,30,20,20,30,0
"Otus_tempestatis",20.8,7,11.8,34.4,146.4,48.5,80.2,165,1,1,"Insessorial",2638.17,NA,NA,NA,NA,NA,NA,NA,NA,NA,NA,NA,NA,NA,NA
"Otus_thilohoffmanni",18.7,5.4,10.9,24.6,124.7,34.8,70.6,76.5,1,1,"Insessorial",237.13,100,0,0,0,0,0,0,0,0,50,50,0,0,0
"Otus_umbra",21.9,5.1,10,22.9,135,40.9,89,95,1,1,"Insessorial",1552.39,100,0,0,0,0,0,0,0,0,40,20,20,20,0
"Pandion_haliaetus",47,17.3,19.6,49.8,468.4,204.8,201.3,1483.2,3,3,"Aerial",31298390.01,0,0,0,100,0,0,0,40,60,0,0,0,0,0
"Parabuteo_leucorrhous",29,9.8,14.2,62.6,241,65.5,171.6,290,1,1,"Insessorial",1189248.2,NA,NA,NA,NA,NA,NA,NA,NA,NA,NA,NA,NA,NA,NA
"Parabuteo_unicinctus",34.4,11.4,16.6,81.6,320.8,99.8,222,850.3,2,2,"Insessorial",9015595.35,0,90,10,0,0,0,0,0,0,100,0,0,0,0
"Pernis_apivorus",34.8,11.7,13.7,43.9,407.4,154.2,253.2,754.4,1,3,"Insessorial",9317297.54,80,10,10,0,0,0,0,0,0,0,50,50,0,0
"Pernis_celebensis",31,10.8,14.6,41.2,350.2,96.8,246.2,722,2,1,"Insessorial",155679.51,80,20,0,0,0,0,0,0,0,0,0,50,50,0
"Pernis_ptilorhynchus",55.9,13.1,15.4,49,413.6,130.7,263.8,1141.1,2,1,"Insessorial",11263289.52,NA,NA,NA,NA,NA,NA,NA,NA,NA,NA,NA,NA,NA,NA
"Pernis_steerei",33.9,11.6,15.1,42.6,378.5,113.2,257.2,722,2,1,"Insessorial",260315.9,NA,NA,NA,NA,NA,NA,NA,NA,NA,NA,NA,NA,NA,NA
"Phalcoboenus_albogularis",39.2,13.4,18.6,70.5,376.8,175.2,218.2,809,3,2,"Terrestrial",341178.69,30,30,0,0,0,40,0,0,0,100,0,0,0,0
"Phalcoboenus_australis",47,17,24,87.3,420.2,165.5,253.8,1187,3,2,"Terrestrial",23812.36,20,20,0,0,0,60,0,0,0,100,0,0,0,0
"Phalcoboenus_carunculatus",42.2,13.5,18.6,77.1,384,171.2,208.4,788,3,2,"Terrestrial",44955.98,20,20,20,0,0,20,0,0,0,100,0,0,0,0
"Phalcoboenus_chimango",27.9,10.7,13,61.7,294,142.2,167.8,296,3,2,"Terrestrial",3930614.85,NA,NA,NA,NA,NA,NA,NA,NA,NA,NA,NA,NA,NA,NA
"Phalcoboenus_megalopterus",40.2,13.5,19.3,79.3,371.8,167,215.8,788,3,1,"Terrestrial",1011292.22,30,30,0,0,0,40,0,0,0,100,0,0,0,0
"Phodilus_assimilis",32.4,8.9,13.7,46.6,191.2,39.1,83,280.2,2,1,"Insessorial",75195.76,NA,NA,NA,NA,NA,NA,NA,NA,NA,NA,NA,NA,NA,NA
"Phodilus_badius",35.2,9.8,14.3,36.2,190.8,37.4,80.4,280.2,2,1,"Insessorial",3479052.56,20,40,40,0,0,0,0,0,0,20,40,40,0,0
"Phodilus_prigoginei",27.8,6.7,12.9,36.2,190,29.6,102.6,195,2,1,"Insessorial",4661.83,20,40,40,0,0,0,0,0,0,60,20,20,0,0
"Pithecophaga_jefferyi",85.3,20.8,49.6,133.8,585.8,178.7,423,5175.3,1,1,"Insessorial",142256.55,0,80,20,0,0,0,0,0,0,30,20,20,30,0
"Polemaetus_bellicosus",54.3,16.8,28.7,112.4,571.6,205.8,256,3964.5,3,1,"Aerial",14888019.22,0,80,20,0,0,0,0,0,0,60,20,20,0,0
"Polihierax_insignis",18.5,8.6,11.3,35.6,142,45.2,117.8,97,2,1,"Generalist",532936.57,40,40,20,0,0,0,0,0,0,40,20,40,0,0
"Polihierax_semitorquatus",14.5,7.1,8.9,27.7,115.6,44.5,72.4,61.5,3,1,"Insessorial",3103663.96,40,20,40,0,0,0,0,0,0,60,20,20,0,0
"Polyboroides_radiatus",36.8,10,16.1,89.9,397.4,112.2,298,633.2,1,1,"Generalist",413722.67,60,20,20,0,0,0,0,0,0,20,20,30,20,10
"Polyboroides_typus",39.1,10.3,16.6,88.1,443.1,157,289.9,633.2,1,1,"Insessorial",14893143.16,20,40,20,0,0,0,20,0,0,10,30,30,30,0
"Pseudastur_albicollis",38.8,14.2,19.6,82.9,358.3,93.2,216.8,703.7,1,1,"Insessorial",8478535.51,NA,NA,NA,NA,NA,NA,NA,NA,NA,NA,NA,NA,NA,NA
"Pseudastur_occidentalis",36,12.4,18.5,76.2,346.2,97.8,192,660,1,1,"Insessorial",6586.81,NA,NA,NA,NA,NA,NA,NA,NA,NA,NA,NA,NA,NA,NA
"Pseudastur_polionotus",38.4,12.8,19.7,84.6,365.8,111.5,188.2,703.7,1,1,"Insessorial",813060.78,NA,NA,NA,NA,NA,NA,NA,NA,NA,NA,NA,NA,NA,NA
"Pseudoscops_grammicus",30.4,10.1,15.5,40.6,211.6,52.7,115.8,335,2,1,"Insessorial",11021.79,60,20,20,0,0,0,0,0,0,50,20,20,10,0
"Psiloscops_flammeolus",16.3,6,9.1,21.7,133,41,61.2,59.9,1,3,"Insessorial",1041707.57,NA,NA,NA,NA,NA,NA,NA,NA,NA,NA,NA,NA,NA,NA
"Ptilopsis_granti",26.3,8.1,12.7,36.4,202,62.3,94.6,214.4,3,1,"Insessorial",7822704.31,60,20,20,0,0,0,0,0,0,90,0,10,0,0
"Ptilopsis_leucotis",24.6,8.4,13,35.7,185.8,51.5,91,204,3,1,"Insessorial",8309644.17,NA,NA,NA,NA,NA,NA,NA,NA,NA,NA,NA,NA,NA,NA
"Pulsatrix_koeniswaldiana",38.8,9.7,20.5,47.1,316,81.3,192,481,1,1,"Insessorial",651781.62,30,60,0,0,10,0,0,0,0,20,30,30,20,0
"Pulsatrix_melanota",35,10.4,16.6,43.5,276.2,82.8,174,82,1,1,"Insessorial",156909.18,20,70,10,0,0,0,0,0,0,30,10,10,50,0
"Pulsatrix_perspicillata",47.9,12.6,22.5,55.1,339.3,95.1,202.6,983.6,1,1,"Insessorial",12679502.98,10,70,20,0,0,0,0,0,0,40,20,20,20,0
"Pyrroglaux_podargina",23,8.1,12.4,33.1,158,32.7,75.5,178.4,1,1,"Insessorial",437.19,NA,NA,NA,NA,NA,NA,NA,NA,NA,NA,NA,NA,NA,NA
"Rostrhamus_sociabilis",33.1,11.1,11.3,49.9,344.8,134.8,169.3,366.9,2,2,"Insessorial",11603405.03,100,0,0,0,0,0,0,0,0,100,0,0,0,0
"Rupornis_magnirostris",26.4,10.4,13.4,61.5,220.9,64.9,159.1,269,1,1,"Insessorial",15043360.16,NA,NA,NA,NA,NA,NA,NA,NA,NA,NA,NA,NA,NA,NA
"Sagittarius_serpentarius",59.4,19,24.1,269.9,615.5,250.2,551.8,4017,3,2,"Terrestrial",14023594.92,60,20,20,0,0,0,0,0,0,100,0,0,0,0
"Sarcogyps_calvus",68.5,23,33.9,115,570,252.8,229.2,4469.9,3,1,"Terrestrial",2166730.6,0,0,0,0,0,100,0,0,0,100,0,0,0,0
"Sarcoramphus_papa",61.9,22.8,30.6,89.9,508.2,191.6,239,3400,3,1,"Terrestrial",14260256.21,0,0,0,0,0,100,0,0,0,100,0,0,0,0
"Scotopelia_bouvieri",36.9,10.6,16.6,55.8,294.8,58.4,162.2,637,1,1,"Insessorial",3343964.51,20,10,30,40,0,0,0,0,80,20,0,0,0,0
"Scotopelia_peli",53.9,18.1,25,70.9,403.2,81,216.6,1942.8,1,1,"Insessorial",4649310.2,20,0,10,70,0,0,0,10,90,0,0,0,0,0
"Scotopelia_ussheri",44.6,14.9,20,61.1,324.5,68.3,180.5,787.2,1,1,"Insessorial",358371,0,0,0,100,0,0,0,0,100,0,0,0,0,0
"Spilornis_cheela",45.6,14.4,20.8,82.2,373.7,112.6,237.4,597.7,1,1,"Insessorial",6837152.16,10,20,60,10,0,0,0,0,0,50,0,25,25,0
"Spilornis_elgini",37.5,12.8,18.4,76.1,365.4,106.8,215.6,895,1,1,"Insessorial",4980.85,0,50,50,0,0,0,0,0,0,100,0,0,0,0
"Spilornis_holospilus",37.5,12.2,18,75,340.1,103.8,221.7,705,1,1,"Insessorial",276025.54,10,20,60,10,0,0,0,0,0,50,0,25,25,0
"Spilornis_kinabaluensis",34.6,13.4,16.8,72.6,368.5,107,227.5,597.7,1,1,"Insessorial",36584.1,10,20,70,0,0,0,0,0,0,50,0,25,25,0
"Spilornis_klossi",38.2,13.5,18.8,74.7,297.2,87.8,198.2,450,1,1,"Insessorial",1111.02,10,20,60,10,0,0,0,0,0,50,0,25,25,0
"Spilornis_rufipectus",34.6,13.3,17.4,64.3,328.6,105.5,214.4,705,1,1,"Insessorial",115936.18,10,20,60,10,0,0,0,0,0,100,0,0,0,0
"Spizaetus_isidori",51.3,15.9,25.8,113.4,484.4,120.1,299,1197.4,1,1,"Aerial",469213.82,0,100,0,0,0,0,0,0,0,0,0,30,60,10
"Spizaetus_melanoleucus",40.9,12.8,20.7,72.1,400.6,124.3,249,850,2,1,"Aerial",8710494.02,0,80,20,0,0,0,0,0,0,30,10,10,30,20
"Spizaetus_ornatus",39.1,12.3,20.2,93.8,353,59.1,289.5,1197.4,1,1,"Generalist",9433721.9,0,90,10,0,0,0,0,0,0,10,20,50,20,0
"Spizaetus_tyrannus",42.3,12.1,21,80.4,384.4,68.6,334.4,1007.1,2,1,"Insessorial",8304333.12,0,60,40,0,0,0,0,0,0,20,20,30,20,10
"Spiziapteryx_circumcincta",19.8,9.1,12.7,47.5,159.8,54.5,131.8,166.2,2,1,"Insessorial",1416372.05,40,30,30,0,0,0,0,0,0,0,0,60,40,0
"Stephanoaetus_coronatus",53.3,16.7,29,94,496.4,111.5,367.1,3640,1,1,"Generalist",6608300.52,0,90,10,0,0,0,0,0,0,40,20,20,20,0
"Strix_aluco",30.4,8.2,15.2,46.4,264.8,77.7,171.1,472.5,1,1,"Insessorial",9594068.11,10,80,10,0,0,0,0,0,10,70,10,10,0,0
"Strix_butleri",27.6,7.9,13.7,54.4,243,106.9,143,219,3,1,"Insessorial",3653.25,10,80,10,0,0,0,0,0,0,80,10,10,0,0
"Strix_chacoensis",33.5,10.3,17.3,50.8,273.5,72.7,157.7,330,1,1,"Insessorial",766166.49,30,70,0,0,0,0,0,0,0,70,20,10,0,0
"Strix_fulvescens",36.2,11.2,18.3,54,304.2,93.8,174.7,711.5,1,1,"Insessorial",116030.37,20,60,20,0,0,0,0,0,0,70,20,10,0,0
"Strix_hadorami",28.5,8.3,13.7,51.4,251,85.8,144,219,3,1,"Insessorial",196474.04,NA,NA,NA,NA,NA,NA,NA,NA,NA,NA,NA,NA,NA,NA
"Strix_hylophila",27.7,9.9,15.7,46.2,242.1,53.7,152,345.4,1,1,"Insessorial",711556.62,30,70,0,0,0,0,0,0,0,20,10,10,60,0
"Strix_leptogrammica",42.3,11.4,18.6,40.2,313,89.2,157,970,1,1,"Insessorial",5428569.66,10,80,10,0,0,0,0,0,10,70,20,0,0,0
"Strix_nebulosa",43.7,11.3,19.1,60,436,139,262.9,1061.9,2,1,"Insessorial",19847527.93,10,70,20,0,0,0,0,0,0,100,0,0,0,0
"Strix_nivicolum",32.7,8.6,15.3,54,291.5,94.6,163.2,472.5,1,1,"Insessorial",4870063.2,NA,NA,NA,NA,NA,NA,NA,NA,NA,NA,NA,NA,NA,NA
"Strix_occidentalis",36.9,10.6,16.6,57,320,105.6,190.4,586.4,1,1,"Insessorial",1207066.6,10,80,10,0,0,0,0,0,0,70,20,10,0,0
"Strix_ocellata",37.5,11.8,18.8,55.4,323.4,91.8,176.9,1011,2,1,"Insessorial",2253179.97,10,80,10,0,0,0,0,0,0,80,20,0,0,0
"Strix_rufipes",32.7,9.7,14.8,52.3,258.5,77.8,146.5,380,1,1,"Insessorial",639116.13,0,100,0,0,0,0,0,0,0,0,10,40,40,10
"Strix_seloputo",42.1,13.3,20.4,59.3,354.5,109,189.1,1011,2,1,"Insessorial",610935.05,30,70,0,0,0,0,0,0,0,80,20,0,0,0
"Strix_uralensis",38,10.7,18,50.8,352.8,101.5,259.8,780.6,2,1,"Insessorial",12224942.84,10,90,0,0,0,0,0,0,0,80,20,0,0,0
"Strix_varia",38.8,11.2,19.6,60.1,341.2,101,218.3,711.5,2,1,"Insessorial",6628563.52,10,70,10,10,0,0,0,0,10,60,20,10,0,0
"Strix_woodfordii",31.6,9.5,15.7,43.4,256.5,72.6,150,350,1,1,"Insessorial",9861983.74,60,20,20,0,0,0,0,0,0,70,30,0,0,0
"Surnia_ulula",23.2,8.8,14.2,27.2,231.4,89.5,186.4,319.9,3,2,"Insessorial",21131927.34,0,90,0,0,10,0,0,0,0,80,20,0,0,0
"Terathopius_ecaudatus",52.5,16.3,25.3,65.1,500.4,233.2,109,2200,2,1,"Generalist",14023477.79,10,50,10,10,0,20,0,0,0,60,20,0,0,20
"Torgos_tracheliotos",89.1,30.4,45.5,138.4,711.4,276.8,339.2,6969,3,2,"Terrestrial",8489832.71,0,0,0,0,10,90,0,0,0,100,0,0,0,0
"Trigonoceps_occipitalis",72.1,23.8,33.5,115.9,618,265,250,3016,2,1,"Terrestrial",6011586.35,0,0,0,0,10,90,0,0,0,100,0,0,0,0
"Tyto_alba",32,8.5,13.1,59.6,280.2,111.5,118.3,403.3,3,1,"Insessorial",63140525.19,10,80,10,0,0,0,0,0,0,90,10,0,0,0
"Tyto_almae",29,7.3,12.8,53,213,65.1,83,540,1,1,"Generalist",1302.34,NA,NA,NA,NA,NA,NA,NA,NA,NA,NA,NA,NA,NA,NA
"Tyto_aurantia",37.4,9.8,16.4,59,225.5,65.2,102.2,540,1,1,"Generalist",35138.49,0,100,0,0,0,0,0,0,0,60,20,20,0,0
"Tyto_capensis",36,7.9,13.5,76,299.5,129.2,117.8,364.7,3,2,"Generalist",2692718.84,10,80,10,0,0,0,0,0,0,90,10,0,0,0
"Tyto_glaucops",34.2,9.2,15.3,61.7,251.7,86.2,121,397.5,2,2,"Generalist",75807.64,0,90,10,0,0,0,0,0,0,80,10,10,0,0
"Tyto_inexspectata",38.8,11.1,18.2,56.3,250.2,59.4,105.7,540,1,1,"Generalist",47061.5,0,100,0,0,0,0,0,0,0,60,20,20,0,0
"Tyto_longimembris",36.1,9.6,13.3,84.1,312.5,147,116.2,423.5,3,1,"Aerial",4271719.31,0,100,0,0,0,0,0,0,0,100,0,0,0,0
"Tyto_multipunctata",37.6,11.7,18.2,56,235,23.1,117,660.6,1,1,"Generalist",55267.62,NA,NA,NA,NA,NA,NA,NA,NA,NA,NA,NA,NA,NA,NA
"Tyto_nigrobrunnea",41,11.6,17.1,65,278,92,129,631.9,1,1,"Generalist",2875.25,0,100,0,0,0,0,0,0,0,60,20,20,0,0
"Tyto_novaehollandiae",37.2,9.6,16.4,65,298,120.3,124.1,631.9,2,1,"Insessorial",3177413.8,10,80,10,0,0,0,0,0,0,60,20,20,0,0
"Tyto_rosenbergii",38.9,11.4,17.6,67.3,310.2,117.5,135.2,364.7,2,1,"Generalist",154411.79,0,100,0,0,0,0,0,0,0,60,20,20,0,0
"Tyto_soumagnei",31.7,7,12.2,55,210.2,58.7,100.5,284,1,1,"Generalist",60630.31,0,100,0,0,0,0,0,0,0,90,10,0,0,0
"Tyto_tenebricosa",41.5,12.4,18.9,75.3,275.4,76.4,133.8,660.6,1,1,"Generalist",1125489.71,0,100,0,0,0,0,0,0,0,20,20,50,10,0
"Uroglaux_dimorpha",27.3,10,14.2,35.1,208.5,60.9,130.8,220,1,1,"Insessorial",181237.67,50,50,0,0,0,0,0,0,0,60,10,30,0,0
"Urotriorchis_macrourus",35.4,13.3,16.5,78.9,286.5,68.2,373.8,492,1,1,"Insessorial",3073602.25,0,100,0,0,0,0,0,0,0,20,40,30,10,0
"Vultur_gryphus",96.8,30.1,29.1,127.4,789.9,350.5,359.4,11236.1,3,2,"Terrestrial",2543680.82,0,0,0,0,0,100,0,0,0,100,0,0,0,0
"Xenoglaux_loweryi",14.6,6.2,9.6,20.1,103.5,29.8,54,48,1,1,"Insessorial",1624.29,100,0,0,0,0,0,0,0,0,80,20,0,0,0
